peptide_id,noisy_training_001,noisy_training_002,noisy_training_003,noisy_training_004,noisy_training_005,noisy_training_006,noisy_training_007,noisy_training_008,noisy_training_009,noisy_training_010,noisy_training_011,noisy_training_012,noisy_training_013,noisy_training_014,noisy_training_015,noisy_training_016,noisy_training_017,noisy_training_018,noisy_training_019,noisy_training_020,noisy_training_021,noisy_training_022,noisy_training_023,noisy_training_024,noisy_training_025,noisy_training_026,noisy_training_027,noisy_training_028,noisy_training_029,noisy_training_030,noisy_training_031,noisy_training_032,noisy_training_033,noisy_training_034,noisy_training_035,noisy_training_036,noisy_training_037,noisy_training_038,noisy_training_039,noisy_training_040,noisy_training_041,noisy_training_042,noisy_training_043,noisy_training_044,noisy_training_045,noisy_training_046,noisy_training_047,noisy_training_048,noisy_training_049,noisy_training_050,noisy_training_051,noisy_training_052,noisy_training_053,noisy_training_054,noisy_training_055,noisy_training_056,noisy_training_057,noisy_training_058,noisy_training_059,noisy_training_060,noisy_training_061,noisy_training_062,noisy_training_063,noisy_training_064,noisy_training_065,noisy_training_066,noisy_training_067,noisy_training_068,noisy_training_069,noisy_training_070,noisy_training_071,noisy_training_072,noisy_training_073,noisy_training_074,noisy_training_075,noisy_training_076,noisy_training_077,noisy_training_078,noisy_training_079,noisy_training_080,noisy_training_081,noisy_training_082,noisy_training_083,noisy_training_084,noisy_training_085,noisy_training_086,noisy_training_087,noisy_training_088,noisy_training_089,noisy_training_090,noisy_training_091,noisy_training_092,noisy_training_093,noisy_training_094,noisy_training_095,noisy_training_096,noisy_training_097,noisy_training_098,noisy_training_099,noisy_training_100,noisy_training_101,noisy_training_102,noisy_training_103,noisy_training_104,noisy_training_105,noisy_training_106,noisy_training_107,noisy_training_108,noisy_training_109,noisy_training_110,noisy_training_111,noisy_training_112,noisy_training_113,noisy_training_114,noisy_training_115,noisy_training_116,noisy_training_117,noisy_training_118,noisy_training_119,noisy_training_120,noisy_training_121,noisy_training_122,noisy_training_123,noisy_training_124,noisy_training_125,noisy_training_126,noisy_training_127,noisy_training_128,noisy_training_129,noisy_training_130,noisy_training_131,noisy_training_132,noisy_training_133,noisy_training_134,noisy_training_135,noisy_training_136,noisy_training_137,noisy_training_138,noisy_training_139,noisy_training_140,noisy_training_141,noisy_training_142,noisy_training_143,noisy_training_144,noisy_training_145,noisy_training_146,noisy_training_147,noisy_training_148,noisy_training_149,noisy_training_150,noisy_training_151,noisy_training_152,noisy_training_153,noisy_training_154,noisy_training_155,noisy_training_156,noisy_training_157,noisy_training_158,noisy_training_159,noisy_training_160,noisy_external_001,noisy_external_002,noisy_external_003,noisy_external_004,noisy_external_005,noisy_external_006,noisy_external_007,noisy_external_008,noisy_external_009,noisy_external_010,noisy_external_011,noisy_external_012,noisy_external_013,noisy_external_014,noisy_external_015,noisy_external_016,noisy_external_017,noisy_external_018,noisy_external_019,noisy_external_020,noisy_external_021,noisy_external_022,noisy_external_023,noisy_external_024,noisy_external_025,noisy_external_026,noisy_external_027,noisy_external_028,noisy_external_029,noisy_external_030,noisy_external_031,noisy_external_032,noisy_external_033,noisy_external_034,noisy_external_035,noisy_external_036,noisy_external_037,noisy_external_038,noisy_external_039,noisy_external_040,noisy_external_041,noisy_external_042,noisy_external_043,noisy_external_044,noisy_external_045,noisy_external_046,noisy_external_047,noisy_external_048,noisy_external_049,noisy_external_050,noisy_external_051,noisy_external_052,noisy_external_053,noisy_external_054,noisy_external_055,noisy_external_056,noisy_external_057,noisy_external_058,noisy_external_059,noisy_external_060,noisy_external_061,noisy_external_062,noisy_external_063,noisy_external_064,noisy_external_065,noisy_external_066,noisy_external_067,noisy_external_068,noisy_external_069,noisy_external_070,noisy_external_071,noisy_external_072,noisy_external_073,noisy_external_074,noisy_external_075,noisy_external_076,noisy_external_077,noisy_external_078,noisy_external_079,noisy_external_080
agilent_signal_01,0,0,0,1,0,0,1,0,1,0,0,0,1,1,0,0,0,0,0,0,0,1,0,1,1,1,0,1,0,0,1,0,1,0,1,1,1,1,0,0,1,0,1,1,1,1,1,0,1,1,0,1,0,1,0,1,0,1,0,1,0,0,1,1,0,1,0,0,0,0,1,0,0,1,1,1,0,1,0,1,1,0,1,1,0,1,0,0,0,1,0,0,1,0,1,0,1,0,0,0,1,1,0,0,0,1,1,0,0,1,1,1,0,1,1,1,0,0,1,1,0,0,1,0,0,0,1,0,1,1,1,1,1,1,0,1,1,1,0,0,1,1,1,1,1,1,1,1,1,1,1,1,1,1,1,0,1,0,0,1,1,1,0,1,0,0,1,0,1,0,0,0,0,1,1,0,1,0,0,0,1,0,0,0,1,0,0,0,0,1,0,1,0,0,0,0,1,1,0,0,0,0,0,1,1,1,0,1,0,1,0,1,0,1,1,0,1,1,0,1,0,0,0,1,1,1,0,1,1,0,0,1,1,0,1,1,1,0,1,0
twist_signal_02,1,1,0,1,0,1,0,1,1,1,1,0,1,0,1,1,1,0,1,1,0,1,1,1,0,1,0,0,1,0,1,0,1,1,1,0,0,0,1,0,0,1,0,0,1,0,0,0,0,0,0,1,1,1,1,0,1,0,0,1,1,1,0,0,0,1,0,0,1,1,1,1,0,0,0,1,1,1,1,1,1,0,0,0,0,0,1,1,0,0,0,1,1,1,1,1,0,0,0,0,0,1,1,1,1,1,0,1,0,0,1,1,0,0,1,0,1,1,0,0,1,0,1,1,0,0,1,1,1,0,0,0,0,0,0,1,1,1,1,0,1,0,0,0,1,1,1,1,0,1,0,1,0,1,0,1,1,0,1,0,1,1,1,1,0,0,0,1,0,0,0,1,1,0,0,1,0,0,1,1,1,1,0,0,0,0,1,1,0,1,1,1,0,1,1,0,0,0,1,1,0,0,1,0,1,1,1,0,1,1,0,1,1,0,1,1,1,0,1,1,1,1,1,1,1,1,0,0,1,1,1,0,0,1,0,0,0,0,0,0
corona2_signal_03,0,0,1,0,0,0,1,1,0,1,1,0,0,1,0,1,1,0,1,0,1,1,1,1,1,0,0,1,1,1,0,0,1,0,0,1,0,0,1,1,1,1,0,0,1,1,1,1,0,0,0,0,0,0,1,0,0,0,0,1,1,0,1,1,0,1,0,0,0,0,1,0,0,0,0,0,0,0,0,1,0,0,1,1,1,0,0,0,1,0,0,0,1,0,1,1,0,0,1,1,0,0,0,1,0,0,1,0,1,0,1,1,0,1,1,1,1,1,1,1,0,1,1,0,0,1,0,0,1,1,1,1,1,1,1,1,0,0,1,1,0,1,1,1,1,0,0,1,1,0,0,0,0,1,0,1,0,0,1,0,0,1,0,0,0,0,1,0,1,0,1,1,0,1,0,1,1,1,0,0,1,1,0,1,1,1,0,0,1,0,0,0,1,0,0,1,0,1,1,1,0,0,0,1,1,0,0,0,1,0,0,0,0,1,1,1,1,1,0,1,0,0,1,0,0,1,0,1,0,1,0,1,1,0,1,1,1,0,0,1
agilent_signal_04,1,1,1,0,1,1,0,1,1,0,0,1,0,1,0,0,0,1,0,1,1,0,0,0,1,0,0,0,1,1,1,1,0,0,1,0,1,0,0,0,1,1,0,1,0,0,1,0,0,1,1,0,0,1,0,0,0,0,1,0,1,1,0,1,0,0,1,1,1,0,1,1,0,0,1,0,1,1,0,0,1,1,1,0,0,0,1,1,0,0,1,1,1,1,1,1,0,0,0,1,0,1,0,0,1,1,0,1,0,0,1,1,0,1,1,0,0,1,1,1,0,0,0,1,1,0,0,1,0,0,0,0,0,0,1,0,1,0,1,1,1,0,0,1,1,1,1,1,1,1,0,1,0,0,1,1,0,0,1,0,1,0,0,0,1,0,1,0,1,0,0,1,1,0,1,1,1,1,1,1,0,0,1,0,0,1,0,0,0,1,1,0,1,0,0,0,1,0,1,1,1,1,1,1,0,1,1,1,0,1,1,1,0,0,1,0,1,0,1,0,1,1,1,0,0,1,1,0,0,1,0,1,0,0,0,1,1,0,0,0
twist_signal_05,0,0,1,1,0,1,1,0,0,1,1,1,0,0,1,1,0,0,0,0,0,1,1,0,1,1,0,1,1,0,0,1,0,1,0,1,0,1,0,1,1,0,0,1,1,1,1,0,1,0,0,1,0,0,1,1,1,1,0,1,1,1,1,1,0,1,0,0,0,0,0,0,1,1,1,0,0,0,0,1,1,0,0,1,1,1,1,0,1,1,0,0,0,0,1,0,1,1,0,0,1,1,1,0,0,1,1,1,1,1,1,1,0,1,1,1,0,0,1,1,0,1,1,0,1,1,1,0,0,1,1,0,1,1,0,0,0,1,0,0,0,0,0,0,1,0,1,0,1,0,0,0,1,1,1,1,1,0,1,1,0,1,0,1,1,0,1,0,0,0,0,0,0,0,1,1,0,1,1,1,1,0,1,0,0,0,1,1,1,1,0,1,1,0,1,0,0,1,0,0,0,1,0,0,0,0,0,0,0,0,0,0,0,1,0,1,1,1,1,1,1,1,1,1,1,1,0,1,1,0,0,1,1,1,1,0,1,1,1,0
corona2_signal_06,1,0,1,1,1,1,0,1,1,1,0,0,1,1,1,1,1,1,1,0,0,0,0,0,0,1,0,0,0,1,1,1,0,1,1,1,1,0,1,0,1,1,1,1,1,1,0,0,0,1,1,0,1,0,1,0,0,1,1,0,0,1,0,0,0,0,1,1,1,1,0,0,0,0,0,1,1,0,1,0,1,1,1,0,0,0,1,1,0,1,1,0,1,1,1,1,0,0,0,1,0,0,1,1,0,0,0,1,0,1,0,0,1,0,1,0,1,0,1,1,1,1,0,1,1,0,1,0,1,1,0,0,0,0,1,1,0,1,0,0,1,0,1,0,0,1,0,1,0,0,1,1,0,1,0,1,0,0,1,1,1,1,1,0,0,1,0,1,1,1,0,0,1,1,1,1,0,1,1,0,1,1,1,1,1,1,0,0,1,1,1,1,1,0,1,0,0,1,0,1,0,0,1,1,0,0,0,1,0,0,1,1,1,0,1,1,1,0,1,1,0,1,0,1,1,0,1,0,0,0,1,1,1,0,0,0,1,1,0,1
twist_noise_001,0,0,0,0,0,0,0,0,1,1,1,1,0,0,1,1,1,0,0,0,1,0,0,1,0,1,0,0,1,0,1,1,0,1,0,1,0,1,1,0,1,0,1,0,1,1,1,0,0,1,1,0,1,0,0,1,0,0,1,1,0,1,0,1,1,0,0,1,0,0,1,0,1,0,1,0,1,1,0,1,1,1,1,0,1,1,1,1,0,1,1,1,0,1,1,1,1,1,0,1,0,1,0,1,1,1,1,0,0,1,0,1,1,0,0,0,0,1,1,1,0,1,1,0,0,1,0,1,0,1,0,0,1,0,1,1,1,0,0,0,0,0,1,0,0,1,1,1,0,1,1,0,0,0,0,0,1,0,0,1,0,1,0,0,0,0,0,1,1,1,1,0,0,1,1,1,1,0,0,1,1,0,0,0,1,0,0,1,0,1,1,1,0,1,0,1,0,1,0,0,0,0,0,1,1,1,1,1,0,1,1,1,0,0,1,1,1,1,1,1,1,1,1,1,1,0,0,1,1,0,0,1,1,1,0,0,0,0,0,1
corona2_noise_002,0,1,1,0,0,1,1,0,0,1,0,1,0,0,1,0,1,0,0,0,1,1,0,1,0,0,1,0,0,1,0,0,1,0,1,0,1,0,1,0,1,0,1,1,0,0,0,1,1,0,0,0,1,0,0,1,0,0,1,0,1,1,1,1,0,0,0,0,1,0,1,1,0,0,1,0,1,1,0,1,0,1,0,0,0,0,0,1,0,1,1,1,1,1,0,1,1,0,0,1,0,0,1,1,0,0,0,0,0,0,1,1,0,1,0,1,0,0,0,1,0,0,0,1,0,0,1,1,1,0,1,1,1,0,0,0,0,0,1,0,0,0,0,0,0,0,0,0,0,1,0,1,0,0,1,0,1,0,0,0,0,0,1,0,0,0,0,0,0,1,1,0,0,1,1,0,1,0,0,0,0,0,0,1,1,1,0,1,1,1,1,0,1,1,1,0,1,0,0,0,1,0,0,0,1,1,0,0,0,1,0,0,0,0,0,1,0,1,1,0,0,0,0,0,1,0,0,0,0,1,0,1,0,1,0,0,1,0,0,0
agilent_noise_003,0,1,1,1,1,0,1,1,1,0,1,1,1,0,1,1,0,1,1,0,1,1,1,0,1,1,1,1,0,0,0,1,1,0,0,1,0,1,1,1,1,1,0,1,0,1,0,0,0,1,1,0,1,0,0,1,1,1,1,1,1,1,1,0,1,0,1,1,0,0,1,1,0,1,1,1,1,1,1,0,1,1,0,1,0,0,0,1,1,0,0,0,0,1,0,0,1,1,0,0,1,1,1,1,0,0,1,1,1,0,1,0,0,1,1,0,1,1,1,0,1,1,1,1,1,0,1,0,0,0,0,1,0,1,0,1,1,0,0,0,1,1,0,1,0,1,1,0,1,0,0,1,0,0,0,1,1,1,1,1,1,0,1,1,1,1,1,0,0,0,1,0,0,1,0,1,1,0,0,0,1,1,1,0,1,0,1,0,0,0,0,0,1,0,0,1,0,1,1,0,0,1,1,0,1,1,0,1,0,0,0,0,1,0,0,1,1,1,0,0,1,0,1,0,1,0,1,0,0,0,0,0,0,1,0,0,1,1,0,1
twist_noise_004,0,1,0,0,1,0,0,1,0,1,1,0,0,1,0,0,1,0,0,0,1,0,0,1,1,1,0,1,1,1,1,0,1,1,0,1,0,1,0,0,0,1,0,0,0,0,0,1,0,1,1,1,1,0,0,0,0,0,0,1,0,0,0,0,0,0,0,0,0,0,1,1,0,1,0,1,0,1,1,1,1,0,1,1,0,0,1,0,1,0,1,1,1,0,1,0,1,0,0,1,0,1,0,0,0,1,1,1,0,0,0,0,1,1,1,0,0,0,0,0,1,0,1,0,1,0,0,0,0,0,0,0,0,1,0,0,0,1,1,1,1,0,1,0,0,1,1,0,1,1,0,0,0,0,1,1,0,0,0,0,0,0,1,0,1,0,1,0,1,0,0,0,0,1,0,0,0,0,1,1,1,0,0,1,1,1,0,1,1,1,0,0,0,1,1,0,0,1,1,1,1,1,0,1,1,0,1,0,0,0,0,1,1,1,1,1,1,0,0,0,0,1,1,0,0,0,1,0,0,0,1,1,1,1,1,1,1,0,1,0
corona2_noise_005,1,0,1,1,1,1,0,1,0,0,1,1,0,0,0,1,0,1,0,1,1,1,1,1,0,0,1,1,0,0,1,0,1,0,0,1,1,0,0,0,0,0,1,1,0,0,0,1,0,0,0,1,1,1,1,0,1,0,0,0,0,1,0,1,1,0,1,1,0,1,0,1,0,0,1,0,0,0,0,1,0,0,0,0,0,1,0,0,0,0,1,0,0,0,0,0,0,0,1,1,0,0,0,0,0,0,0,0,1,1,0,0,0,0,0,1,0,1,0,1,0,0,1,0,1,0,0,1,1,0,1,1,0,1,1,0,1,1,0,1,0,0,1,1,0,0,1,1,0,1,1,1,0,1,1,0,0,1,0,1,0,0,0,1,0,1,1,1,0,0,0,0,1,0,0,0,0,1,0,1,0,0,0,1,1,1,1,1,1,0,0,0,1,0,0,0,0,0,0,0,0,0,1,0,0,0,1,1,0,0,0,0,0,1,1,0,1,1,1,1,1,1,0,1,0,0,0,1,1,1,0,1,0,0,0,0,1,0,0,0
agilent_noise_006,1,0,0,0,0,1,0,0,1,1,1,1,0,1,0,0,0,0,0,0,0,0,1,1,0,0,0,1,0,0,0,1,1,0,0,0,0,0,0,0,1,1,1,1,0,1,1,0,0,1,0,1,0,0,0,1,1,0,0,1,1,0,1,1,1,0,0,0,0,1,0,0,0,0,0,0,0,1,0,1,0,0,0,0,1,0,0,0,0,0,0,0,0,0,1,1,1,1,0,0,1,1,0,1,0,0,0,0,1,1,1,1,1,1,0,1,1,1,1,1,1,0,1,1,0,0,1,1,1,0,0,0,1,0,0,1,0,0,0,1,0,0,0,1,1,1,0,0,1,1,1,0,0,0,1,0,1,0,0,0,0,1,0,0,0,0,1,1,1,0,1,0,1,0,0,1,0,1,1,1,0,0,0,1,0,0,0,0,1,0,0,1,1,1,0,0,0,0,1,0,1,0,1,0,1,0,0,0,1,0,1,0,0,1,1,0,0,0,1,0,0,0,0,1,1,0,0,0,1,0,0,0,0,0,0,0,0,1,0,0
twist_noise_007,0,1,0,1,0,0,1,1,0,1,1,1,0,0,1,0,0,1,0,0,0,1,0,0,0,0,1,1,0,0,1,0,0,1,0,1,1,0,0,1,0,1,0,0,0,0,0,0,0,0,0,0,1,1,1,1,0,0,0,0,1,0,1,0,1,0,1,1,0,0,0,1,0,0,0,0,0,0,1,0,1,0,0,0,1,0,1,0,0,1,0,0,1,0,0,0,1,1,1,0,0,0,1,1,0,0,1,1,0,0,0,0,0,0,0,0,0,1,1,1,1,0,0,0,0,0,0,0,0,0,0,0,0,0,0,1,0,0,0,0,1,0,0,0,1,1,1,0,0,0,0,0,0,0,0,1,1,0,0,1,0,0,0,0,0,0,0,1,0,0,0,0,1,0,0,1,0,0,1,0,0,0,0,0,0,0,0,0,0,1,0,1,0,0,1,0,0,0,0,0,0,1,0,0,0,1,1,0,0,1,1,1,0,1,0,0,0,0,1,1,1,0,0,1,0,1,1,0,0,1,0,0,1,1,1,0,1,0,0,0
corona2_noise_008,0,1,1,0,0,1,0,0,1,1,1,0,1,1,0,1,0,0,1,0,0,0,1,1,1,1,1,1,1,1,0,1,0,1,0,1,1,1,0,0,1,1,1,0,0,1,0,1,0,0,1,0,1,1,1,1,1,0,1,1,0,0,1,0,1,1,0,0,0,1,0,1,0,0,1,1,0,0,1,1,1,1,0,0,0,1,0,1,0,1,1,0,0,1,0,1,1,1,1,1,0,1,1,0,1,1,1,1,0,1,0,1,0,0,1,1,0,1,0,0,1,0,1,0,1,0,0,0,1,0,1,1,1,1,0,0,0,1,1,1,0,0,1,1,0,0,0,0,0,1,0,1,0,1,0,0,0,0,1,0,0,1,0,1,1,1,0,1,1,0,0,1,0,0,1,1,0,0,1,0,0,1,1,0,1,0,1,1,0,0,1,1,1,0,1,0,1,1,0,1,0,1,0,0,0,0,1,0,1,0,1,1,1,1,0,1,1,1,1,1,0,0,1,1,1,0,1,1,0,0,0,0,1,0,1,1,0,0,0,1
agilent_noise_009,0,1,0,0,1,0,0,0,1,0,0,1,0,0,0,0,0,0,1,1,0,0,0,0,0,1,0,0,0,1,1,0,0,0,1,1,0,0,0,0,1,1,0,0,0,1,0,0,0,0,1,0,1,0,0,0,1,1,0,1,0,1,0,0,0,0,1,0,1,0,0,0,0,0,0,0,0,0,0,0,0,0,0,1,0,1,0,0,0,0,0,0,0,1,0,0,1,1,0,0,0,0,0,1,0,1,1,0,0,0,0,0,1,0,1,1,0,1,0,1,0,0,0,1,0,0,1,1,1,1,0,0,1,0,0,0,0,0,0,1,0,0,0,1,0,0,0,0,0,1,0,0,0,1,0,0,1,0,1,0,0,0,0,0,1,0,0,0,0,1,0,0,0,0,0,1,1,1,0,0,0,0,0,1,0,0,0,1,0,0,1,0,0,0,0,0,0,0,1,0,1,0,0,0,0,0,1,0,1,0,0,0,0,1,0,0,0,1,0,1,0,0,1,0,1,0,1,0,0,1,1,1,1,1,1,0,0,1,0,1
twist_noise_010,0,0,0,0,0,0,0,0,0,0,1,0,0,0,0,1,0,0,0,0,0,0,0,1,1,0,0,0,1,0,0,0,0,0,0,1,0,1,0,0,0,0,0,0,0,0,1,1,0,0,0,0,0,0,0,0,0,0,1,0,0,0,0,0,0,0,0,1,0,0,1,0,0,0,1,0,0,0,1,0,0,0,0,1,0,0,0,1,0,1,0,0,0,0,1,1,1,0,0,0,0,1,0,1,0,0,1,0,0,0,1,0,0,1,0,1,1,0,0,1,0,0,1,0,0,1,0,0,0,1,0,0,0,0,0,0,1,0,1,0,0,0,0,0,0,0,1,1,0,1,0,0,1,0,1,0,0,0,1,0,0,0,0,0,1,1,0,0,0,0,1,0,1,1,1,1,0,0,0,0,0,0,0,1,0,0,0,0,1,1,0,0,0,1,0,1,0,1,0,0,0,0,0,0,1,0,0,0,0,0,0,0,1,0,0,1,0,0,0,0,0,0,0,0,1,1,0,0,1,0,1,0,0,1,1,0,0,1,1,0
corona2_noise_011,1,0,0,0,0,0,0,0,0,0,0,1,0,1,1,0,0,1,0,1,0,0,1,0,0,0,1,0,1,1,1,0,0,0,0,1,1,0,0,1,1,0,1,0,1,1,0,0,1,0,1,0,0,0,0,1,0,0,0,1,0,1,1,1,1,0,1,1,1,0,1,1,0,0,1,0,1,0,0,0,0,1,1,1,1,1,1,0,0,0,1,0,1,0,1,1,0,0,0,1,0,0,0,1,0,1,0,0,0,0,0,0,0,1,0,0,0,1,0,1,0,1,0,1,1,0,0,1,1,0,1,1,0,1,0,0,0,1,1,0,0,1,0,0,1,0,0,1,1,1,0,0,1,1,1,0,0,1,0,1,1,0,1,0,1,0,0,0,0,0,1,0,0,0,1,0,0,1,0,0,0,1,0,0,1,0,0,0,0,0,1,0,1,1,1,0,0,1,0,1,0,1,1,1,0,1,1,0,0,0,1,1,0,0,0,1,1,0,0,0,0,0,1,1,0,0,0,0,0,0,1,1,1,0,0,0,1,1,0,0
agilent_noise_012,0,0,0,1,1,0,0,0,0,0,0,0,0,0,0,0,1,1,1,0,0,0,1,1,0,0,0,0,0,0,0,0,1,0,1,1,0,1,0,0,0,1,0,1,0,0,0,0,0,0,1,1,1,0,0,0,0,0,1,0,0,0,0,0,0,0,0,0,1,0,0,0,0,0,1,1,0,1,0,1,0,1,1,0,1,0,0,0,0,1,0,0,0,0,0,0,0,0,0,0,0,0,0,0,0,0,0,0,0,0,0,0,0,0,0,0,0,0,0,0,1,1,0,0,1,1,0,0,0,0,1,1,0,1,0,0,1,0,1,0,0,1,0,1,1,0,0,0,0,0,1,1,0,0,0,0,1,1,0,0,0,0,0,1,0,0,0,0,0,0,0,0,0,0,0,0,0,0,1,0,1,0,0,0,0,1,0,0,0,0,0,1,1,0,0,0,0,0,0,0,0,1,0,0,1,0,0,0,0,0,0,0,0,1,0,0,0,1,0,0,0,0,0,0,0,0,0,0,0,0,0,0,1,0,0,0,1,0,1,1
twist_noise_013,0,0,1,0,0,0,1,0,1,0,0,1,0,1,1,0,1,1,0,1,1,1,0,0,0,1,1,0,0,0,1,0,0,1,0,0,1,0,0,0,0,1,0,1,0,0,1,1,0,0,1,0,1,1,0,0,0,0,1,0,1,0,0,0,0,1,1,1,0,1,0,0,0,0,0,0,0,1,1,0,0,0,0,0,0,0,0,1,1,0,0,0,0,0,0,0,0,0,0,1,1,0,1,0,0,1,1,0,0,0,1,1,0,1,1,1,1,0,1,0,0,1,1,0,0,0,0,0,0,1,1,1,0,1,0,0,0,1,0,1,0,1,1,1,1,0,1,1,1,0,0,0,0,1,0,1,0,0,0,1,0,0,0,1,1,1,0,0,1,0,1,0,1,0,1,0,1,0,0,0,1,0,0,0,0,0,1,1,0,0,0,1,1,0,1,1,1,0,0,0,1,1,1,0,0,0,1,1,0,1,0,1,1,0,1,0,0,0,1,0,1,1,1,0,1,1,0,1,0,0,1,1,0,1,1,0,0,0,1,0
corona2_noise_014,0,0,1,0,0,0,0,0,0,0,0,0,0,0,1,0,0,0,0,0,0,0,0,1,0,0,0,0,0,1,0,0,0,0,0,0,0,0,0,0,1,0,0,0,0,0,0,0,0,0,1,0,0,0,0,1,0,0,0,0,0,0,0,0,1,0,1,0,0,1,0,0,1,0,0,0,0,0,0,0,0,0,0,0,0,0,0,0,0,1,0,0,0,0,0,0,0,0,0,0,0,1,0,0,0,1,0,0,0,1,0,1,0,0,0,0,0,0,0,0,0,0,1,0,0,1,0,0,0,1,0,0,0,0,1,0,0,0,0,0,1,0,0,1,0,0,0,0,0,0,0,0,0,0,0,0,0,1,0,0,0,0,0,1,0,1,0,0,0,0,0,0,0,0,1,0,1,0,1,0,0,1,1,0,1,0,0,1,1,0,0,1,0,0,1,0,0,1,1,0,0,1,0,0,0,0,0,0,1,0,0,0,1,0,0,0,0,1,1,0,0,0,1,0,0,0,0,0,0,0,0,0,0,0,0,0,0,0,0,1
agilent_noise_015,0,0,0,0,0,1,1,0,0,1,0,0,0,1,1,0,1,0,1,0,0,0,0,1,1,1,1,1,1,0,0,1,0,0,0,1,1,1,0,0,0,1,0,1,1,0,1,1,0,0,1,1,0,0,1,0,0,1,1,0,0,1,0,1,0,0,0,1,1,0,0,0,1,0,0,0,1,1,0,1,1,0,1,0,1,0,1,1,1,0,0,0,0,1,1,1,0,1,0,1,0,1,1,1,1,1,0,1,0,0,1,1,0,0,0,1,1,0,0,1,1,0,1,1,1,0,1,1,1,1,0,1,1,1,0,0,0,1,0,1,0,0,1,1,0,1,1,1,1,1,1,1,0,1,1,0,0,0,1,0,1,0,1,0,0,1,1,0,0,0,0,1,0,0,0,1,0,0,0,1,0,1,0,0,0,1,1,0,0,0,0,1,1,0,0,1,1,0,0,0,1,1,0,0,0,0,0,0,1,0,1,1,0,0,1,0,0,1,1,0,1,0,0,0,1,1,1,0,1,0,1,0,0,0,1,1,0,1,1,0
twist_noise_016,0,1,0,0,0,0,1,1,1,0,0,0,0,0,0,1,0,1,0,1,0,0,0,0,0,1,1,1,0,1,1,0,0,0,1,0,0,0,0,0,0,0,0,0,0,1,1,0,0,1,0,1,0,0,0,0,1,1,0,1,0,0,0,0,0,1,1,1,0,1,0,0,0,0,0,0,0,1,0,0,0,0,0,0,1,1,1,0,0,0,0,1,1,1,1,1,1,1,0,0,0,0,0,0,0,0,0,0,0,0,0,0,1,0,0,0,0,0,0,1,0,0,0,1,0,0,0,0,1,0,0,0,1,1,0,0,1,0,0,1,0,0,1,0,1,0,1,0,0,0,0,1,1,0,1,0,0,0,0,0,0,0,1,1,0,0,0,0,0,1,0,0,1,1,0,0,1,1,0,1,0,0,1,0,0,0,0,1,0,0,0,0,0,0,1,0,1,0,1,0,0,0,0,1,0,1,1,1,0,0,0,0,0,0,1,0,1,0,0,0,0,0,0,1,1,0,0,1,0,0,0,0,1,0,1,0,1,1,1,1
corona2_noise_017,0,1,1,0,1,0,0,1,0,0,0,0,0,1,0,0,0,0,1,0,0,0,0,0,1,1,0,1,0,1,0,0,1,0,0,0,1,0,0,1,0,0,0,0,0,0,0,0,0,0,0,0,0,0,0,0,0,0,0,0,0,1,0,0,0,1,0,0,1,1,0,1,0,0,0,0,0,0,0,1,0,1,0,0,0,0,0,0,1,0,0,0,0,0,0,0,0,0,0,0,1,0,0,0,0,1,0,0,0,1,1,0,1,0,0,1,0,1,1,0,0,0,0,0,0,0,1,0,0,0,1,0,1,1,0,0,0,0,0,0,0,1,0,1,1,0,0,0,1,0,0,0,1,0,0,1,1,0,0,0,0,1,0,0,0,0,1,0,0,1,0,0,1,0,0,0,0,0,0,0,0,0,1,0,1,0,0,1,0,0,0,0,1,0,0,0,0,0,1,0,0,0,0,0,1,0,0,0,0,1,0,0,0,0,0,0,0,0,0,0,1,1,1,0,1,0,1,0,0,0,0,1,0,0,0,0,0,0,0,0
agilent_noise_018,1,1,1,0,1,0,1,1,0,1,0,0,1,1,1,0,1,1,0,1,1,0,1,1,0,1,0,0,1,0,1,0,0,1,1,0,0,0,0,0,1,0,1,1,1,0,1,0,1,0,0,1,0,1,1,0,1,1,0,0,1,0,0,0,0,0,1,0,0,1,1,0,0,0,0,0,1,1,1,0,0,0,1,0,0,0,1,1,1,1,0,1,1,0,1,0,1,0,1,1,1,1,1,0,1,1,1,1,1,0,0,1,0,0,0,1,1,0,1,1,1,1,0,0,1,1,1,0,0,1,1,0,1,0,0,0,1,0,1,1,1,1,1,1,1,1,1,0,1,0,1,0,1,0,1,0,0,1,1,1,0,1,1,1,1,1,1,0,0,0,1,1,0,1,0,0,0,0,1,0,0,0,1,0,0,0,0,1,1,0,0,0,0,0,0,1,1,1,0,1,1,0,1,0,0,1,1,1,0,1,0,1,0,0,0,0,1,0,1,1,0,1,0,1,0,1,1,0,0,1,1,1,0,1,0,1,1,1,1,1
twist_noise_019,0,0,0,0,0,0,0,1,0,1,0,1,0,0,0,0,0,0,0,0,0,1,0,0,0,0,1,0,0,0,0,0,0,0,0,0,0,1,0,0,0,0,0,0,1,0,0,0,0,1,0,0,0,0,1,0,0,0,0,0,1,0,1,0,0,0,0,1,0,0,0,0,0,0,0,1,0,0,0,0,0,0,0,0,0,0,0,0,0,0,0,0,0,0,0,1,0,0,0,1,0,0,0,1,0,0,0,1,0,0,1,0,0,0,1,0,1,0,1,0,0,0,0,0,0,0,0,1,0,0,0,1,0,1,0,0,0,0,0,0,0,0,0,1,1,0,0,1,0,1,0,0,0,1,0,1,0,0,0,0,1,0,0,1,0,0,0,0,0,0,1,1,0,0,1,0,0,0,0,1,0,0,0,1,1,0,0,0,0,0,1,0,0,0,0,0,1,1,0,0,0,0,0,1,0,1,0,0,1,1,0,0,0,0,0,1,1,1,0,0,0,0,0,0,1,0,0,0,0,0,0,0,1,0,1,0,0,0,0,0
corona2_noise_020,1,1,0,0,0,0,0,0,1,0,0,1,0,0,0,0,0,1,0,1,0,0,1,0,0,0,1,0,0,0,0,0,0,0,0,0,1,0,1,0,0,0,0,0,1,0,0,0,1,0,0,0,0,0,0,0,0,1,0,0,0,0,0,0,0,0,0,0,1,0,0,0,0,1,0,0,0,0,1,1,1,0,0,0,0,0,0,0,0,0,0,0,0,0,0,0,0,0,0,1,0,0,0,0,0,0,0,0,0,1,0,0,0,0,0,0,0,0,1,0,0,1,0,0,0,1,0,0,0,0,0,0,1,0,0,0,0,0,0,0,0,0,0,0,0,1,0,0,0,0,0,0,0,0,0,0,0,1,0,0,0,1,0,0,0,0,0,0,0,0,0,1,0,1,0,0,0,0,0,0,1,0,1,0,0,0,0,0,0,0,0,0,0,0,0,0,0,0,0,1,0,1,0,1,0,0,0,0,0,1,0,0,0,0,0,0,0,0,0,0,1,0,0,0,0,1,0,0,0,0,0,0,0,0,0,0,0,1,0,0
agilent_noise_021,0,0,0,0,0,0,0,0,1,0,0,1,0,0,0,1,0,0,0,0,0,0,0,0,0,0,0,0,0,0,0,0,0,0,0,0,0,0,1,0,1,0,1,0,0,0,0,0,1,1,0,0,0,0,0,0,0,0,1,0,0,0,1,1,0,0,0,1,0,0,0,0,0,0,0,0,0,0,0,0,1,0,1,1,0,0,1,0,0,0,1,0,0,1,0,0,1,0,1,0,0,0,0,0,0,0,0,0,1,0,0,0,1,0,0,0,0,0,0,0,0,0,0,0,0,0,0,1,0,0,0,0,0,0,0,0,0,1,1,1,0,0,1,0,0,0,0,1,0,0,0,0,0,0,1,1,0,0,0,0,0,1,0,0,0,0,0,0,0,0,0,0,1,0,0,0,0,1,0,1,0,0,1,1,0,0,0,0,0,1,0,0,0,0,0,0,0,0,0,0,0,0,0,0,1,0,0,0,0,1,0,1,0,0,1,0,0,0,0,1,0,0,0,0,1,0,0,0,0,0,0,1,0,0,0,1,0,0,0,0
twist_noise_022,0,0,1,0,0,0,0,0,0,1,0,0,0,0,0,0,0,1,0,0,1,0,0,1,0,0,1,0,0,0,0,0,0,0,0,0,0,0,0,0,0,0,0,0,0,0,1,0,0,1,0,0,0,0,1,0,1,0,0,0,1,0,0,1,0,0,0,0,0,1,0,0,0,1,0,0,0,0,1,1,0,0,0,0,0,0,0,1,0,0,1,0,0,0,0,0,0,0,1,0,0,0,0,0,0,0,0,0,0,0,0,0,0,0,0,0,0,0,0,0,0,0,0,0,0,0,0,0,0,1,0,0,0,1,0,0,0,0,0,0,0,0,0,0,0,0,0,0,0,0,0,0,1,0,0,0,0,1,1,0,1,0,0,0,0,1,0,0,0,1,0,1,0,1,0,0,0,0,0,0,0,0,1,0,0,0,0,0,0,0,1,0,0,0,1,0,0,0,0,0,0,0,0,0,0,0,0,0,0,0,0,0,0,0,1,0,0,0,0,0,0,1,0,0,0,0,1,0,0,0,0,0,0,0,0,0,0,0,0,0
corona2_noise_023,0,1,0,0,1,0,0,0,1,0,0,1,0,0,0,0,1,0,0,1,0,0,0,0,1,0,0,0,1,0,0,0,1,1,0,0,0,0,0,0,1,0,0,0,0,0,0,0,0,0,1,0,0,1,0,0,1,0,0,0,1,0,0,0,0,1,0,0,0,0,1,0,0,1,1,0,0,0,1,0,1,0,1,0,0,0,0,0,1,0,0,0,1,0,0,0,1,0,1,0,0,0,1,1,1,0,0,0,0,0,1,0,1,0,0,0,0,1,1,0,0,0,0,0,0,0,0,0,0,0,0,1,0,0,0,1,0,0,1,0,0,0,0,0,0,1,1,1,1,0,0,0,0,1,0,0,0,0,0,0,0,0,0,0,1,0,0,0,0,0,0,0,1,1,1,0,0,1,0,0,0,1,1,0,1,1,0,0,0,0,0,1,0,0,1,1,1,0,1,0,0,0,0,0,1,1,0,0,1,0,1,0,0,1,1,0,1,1,0,0,1,0,0,0,0,0,0,0,0,1,1,0,0,1,0,0,0,1,0,0
agilent_noise_024,0,0,1,0,0,0,0,1,0,0,0,0,0,1,0,1,1,1,0,1,0,0,0,0,0,1,0,0,0,0,0,0,1,1,1,0,0,0,0,0,0,0,0,0,0,0,0,0,0,0,0,0,0,0,0,0,0,0,1,0,0,1,1,0,0,0,0,0,0,0,1,1,0,0,0,0,0,1,1,0,0,1,0,0,0,0,0,0,0,0,1,0,0,0,0,1,0,0,0,0,0,0,0,1,0,1,0,0,0,0,0,0,1,0,0,0,1,0,1,1,1,0,0,0,0,0,1,0,0,0,0,1,0,1,0,0,0,0,0,0,0,0,0,0,0,0,1,0,0,0,0,0,0,0,0,0,0,0,0,1,1,0,0,0,0,0,0,0,0,1,0,0,0,1,0,0,0,1,0,0,0,0,1,1,0,0,1,1,1,0,0,0,0,0,0,0,1,0,0,0,0,0,0,0,0,1,0,0,0,0,0,0,0,0,0,0,0,0,0,0,1,0,0,0,1,0,1,0,1,0,1,0,1,0,0,0,0,0,1,0
twist_noise_025,0,0,0,0,0,1,0,0,0,0,0,0,1,0,0,0,0,0,0,1,0,0,0,0,1,0,0,0,0,0,1,1,0,0,0,0,0,0,1,0,0,1,1,0,1,0,0,0,0,0,0,0,0,0,0,0,0,0,0,0,0,0,0,0,0,1,1,0,0,0,0,0,1,0,0,0,0,0,0,0,1,0,1,0,0,1,0,0,0,0,0,0,0,0,0,1,0,0,0,0,0,0,0,0,0,0,0,0,1,0,0,1,1,1,0,0,0,0,0,0,0,0,1,1,0,0,0,0,1,0,0,0,0,0,0,0,0,0,0,1,0,1,0,0,0,0,0,0,0,0,0,0,0,0,0,0,0,0,0,1,0,0,0,1,0,1,0,0,0,0,0,0,0,0,0,0,0,0,0,0,0,0,0,0,0,0,0,0,0,0,0,0,0,0,0,0,0,0,1,0,0,1,1,0,0,1,0,0,0,0,0,1,0,0,0,1,0,0,0,1,1,0,0,0,0,0,0,0,0,0,0,0,1,0,0,0,0,0,1,0
corona2_noise_026,0,1,0,0,1,0,0,1,0,1,1,1,0,1,0,1,1,1,0,1,0,1,0,1,1,0,1,1,0,0,0,1,1,1,0,1,1,1,1,1,0,0,1,1,1,1,0,1,1,1,0,1,0,1,0,1,0,1,1,1,0,1,1,0,0,0,0,0,1,1,0,1,1,1,0,0,0,0,1,1,0,0,1,1,1,1,1,0,0,0,1,0,0,1,1,1,1,1,1,1,0,0,1,1,0,1,1,1,1,1,0,1,1,1,1,1,0,0,0,1,0,0,1,1,1,1,0,0,1,0,0,1,0,1,0,1,0,0,0,0,1,1,1,0,1,1,1,0,1,0,0,0,1,0,0,0,0,0,1,1,1,1,1,0,0,1,0,1,1,0,1,1,0,0,1,1,1,1,1,1,0,0,1,1,1,1,1,1,1,0,0,0,0,1,1,0,1,0,1,0,1,1,0,0,1,1,1,1,1,0,1,0,1,0,0,1,1,1,0,0,1,1,0,1,1,1,1,1,1,0,1,0,1,0,1,0,0,0,1,1
agilent_noise_027,0,0,0,0,0,0,0,0,0,0,1,0,0,0,0,0,0,0,1,1,0,0,0,0,0,0,1,1,0,0,0,1,0,1,0,1,0,0,0,0,1,0,0,1,1,0,0,1,0,0,1,0,1,1,1,0,0,0,0,0,0,0,0,0,0,0,0,0,0,0,1,1,0,0,1,0,1,0,1,0,1,0,0,0,1,0,1,0,0,1,0,0,0,0,0,1,1,1,1,0,0,0,0,0,0,1,0,0,0,0,0,1,1,0,0,1,0,1,0,1,1,0,1,1,0,1,1,1,0,0,0,0,0,0,0,1,0,1,1,1,0,0,1,1,0,0,0,1,0,0,1,0,1,0,0,0,0,0,1,0,1,0,0,1,0,0,1,0,0,0,0,0,0,0,0,0,0,1,0,0,0,0,0,0,1,0,1,0,0,0,0,1,1,0,1,0,0,0,1,1,1,1,0,0,0,0,1,0,0,1,0,0,0,0,1,1,1,1,0,0,0,0,0,1,0,1,0,1,0,1,0,1,0,0,0,0,0,0,0,0
twist_noise_028,0,0,1,1,0,1,0,0,0,0,0,0,0,0,0,0,1,0,0,0,0,0,0,1,0,0,0,0,0,0,1,0,0,0,0,0,1,0,1,1,0,0,1,0,0,0,1,0,0,1,0,0,1,0,0,1,0,0,0,0,0,0,0,0,0,0,1,1,1,0,1,0,0,0,0,0,1,0,0,0,0,0,1,0,0,1,0,0,0,1,0,0,0,0,0,0,0,0,1,0,0,0,0,0,0,1,1,0,0,0,0,0,1,1,0,0,1,0,0,1,0,1,0,1,0,0,0,0,0,0,1,0,0,0,1,1,0,1,0,0,1,0,1,1,0,0,1,0,0,1,1,0,0,0,0,0,0,0,0,0,0,0,1,1,1,1,1,0,1,0,0,1,0,1,1,0,0,0,1,1,0,0,1,1,0,1,0,0,0,1,1,0,0,0,0,0,0,1,0,0,0,0,0,0,0,0,0,0,0,1,0,0,1,1,0,0,0,0,0,0,0,0,0,0,1,0,0,0,0,0,0,0,0,1,0,0,1,0,0,1
corona2_noise_029,0,1,1,1,0,0,0,0,1,0,1,1,1,1,0,0,1,1,1,1,1,0,0,1,1,1,1,1,1,1,0,0,1,0,0,1,1,1,0,1,1,0,1,1,0,1,0,0,1,0,0,0,1,0,0,0,0,0,0,0,0,1,1,0,1,1,0,1,1,0,0,1,0,0,0,0,1,1,0,0,1,1,0,1,1,1,0,0,1,0,0,1,0,1,0,0,1,0,0,0,0,1,0,0,1,0,0,0,0,1,1,1,0,1,1,1,0,1,1,0,0,1,1,0,0,1,1,0,1,0,0,0,0,1,0,1,0,1,1,0,1,0,1,0,1,0,0,1,0,1,1,0,0,1,0,0,0,1,0,0,0,0,0,1,1,0,1,0,0,0,1,0,0,1,0,0,0,1,0,0,0,0,0,1,0,1,1,0,1,0,1,1,1,0,1,1,1,1,0,1,1,1,0,0,1,0,0,1,1,1,0,1,0,0,0,0,0,0,0,0,1,1,1,1,0,0,1,0,0,1,0,0,0,1,0,1,1,1,0,1
agilent_noise_030,0,0,0,0,0,1,1,0,1,0,0,0,0,0,1,0,1,0,0,0,0,0,1,0,0,1,0,0,0,0,0,0,0,0,0,0,0,0,1,0,1,1,0,0,0,0,0,0,1,0,0,1,0,0,1,0,0,1,1,0,1,0,1,0,0,0,1,0,1,0,0,1,0,0,0,0,0,0,0,0,0,1,1,0,0,0,1,1,1,0,0,1,0,0,1,1,0,0,1,0,0,1,0,1,1,1,0,0,0,0,0,0,0,0,1,1,0,0,1,1,0,1,0,1,0,1,0,0,1,0,1,1,1,0,1,0,1,0,0,1,1,1,0,0,1,1,1,1,0,1,0,1,0,0,0,1,0,1,1,1,1,1,0,0,0,0,0,0,0,1,1,1,1,0,0,0,0,0,0,0,0,1,1,0,0,0,1,0,1,0,0,0,1,1,0,0,1,0,0,0,0,0,0,0,0,0,0,1,1,1,0,0,1,0,0,0,0,0,1,1,0,0,0,0,0,1,0,1,0,0,0,1,1,0,0,0,0,0,1,0
twist_noise_031,0,0,0,0,1,1,0,0,0,0,1,0,0,1,0,1,1,0,0,1,0,0,0,0,0,1,0,0,1,0,1,0,1,0,1,1,0,1,1,0,1,0,1,1,1,0,0,0,0,0,1,0,0,0,0,0,0,1,0,0,0,1,1,1,0,0,1,0,1,0,0,0,0,0,0,1,1,1,1,1,1,1,1,1,1,1,1,1,0,0,0,1,0,1,1,1,0,1,1,1,0,0,0,1,0,1,0,1,1,1,0,1,0,1,1,1,0,1,0,1,0,0,1,0,1,0,1,0,1,0,1,0,0,0,1,1,0,1,0,0,1,1,0,0,0,1,0,1,0,0,0,0,1,1,0,1,1,0,0,0,1,1,0,1,0,1,0,0,0,1,0,0,0,0,0,0,0,1,1,0,0,0,0,1,1,1,0,0,1,0,1,1,1,1,1,0,1,1,1,0,0,0,1,1,1,0,0,0,0,1,0,0,0,0,1,0,0,1,0,0,1,0,1,0,1,0,1,1,1,0,0,0,0,0,0,1,1,1,1,0
corona2_noise_032,1,0,0,0,0,0,0,0,0,1,1,1,0,0,0,0,0,1,1,0,1,0,1,0,0,0,0,1,1,0,1,0,0,0,0,0,0,0,1,1,0,0,1,1,0,0,0,0,0,1,0,0,1,0,0,0,0,0,1,1,0,0,0,0,0,0,0,0,1,0,0,0,0,0,0,0,1,0,0,0,1,0,0,1,0,0,1,0,0,0,0,0,0,0,0,0,0,0,0,0,0,0,0,0,0,0,0,0,0,0,0,0,0,0,0,0,0,0,0,0,0,0,1,0,0,1,1,0,0,0,0,0,0,0,0,0,1,0,1,0,0,0,0,1,0,0,0,0,1,0,0,0,0,0,1,1,0,0,0,0,0,1,0,0,0,0,0,0,1,0,0,0,1,0,1,1,0,0,0,0,0,0,0,0,1,1,0,0,0,0,0,1,0,0,0,0,0,0,0,1,1,1,0,1,1,0,0,0,0,0,0,0,1,0,1,0,0,0,0,0,0,0,0,1,0,0,0,0,0,0,0,0,0,0,0,0,0,0,0,0
agilent_noise_033,0,0,0,0,1,0,0,0,0,0,0,1,0,0,0,0,1,0,1,0,0,1,0,0,1,0,0,0,0,0,0,0,0,1,0,0,0,1,1,1,1,1,1,1,1,1,0,1,0,1,0,0,0,0,1,0,0,1,0,0,0,1,0,0,0,0,0,0,0,0,0,1,0,0,0,0,0,0,1,0,0,0,1,0,0,0,0,1,0,0,0,0,1,1,0,0,1,0,0,0,1,0,0,1,0,0,0,0,1,1,0,0,0,0,1,1,1,0,0,1,0,0,0,0,0,1,0,0,1,1,0,0,0,0,0,0,0,0,1,0,0,0,0,1,1,0,0,1,0,0,0,0,0,0,0,1,1,0,0,0,0,1,0,0,0,0,1,0,1,0,0,1,0,0,0,0,0,1,0,0,1,0,0,1,1,1,1,0,0,1,1,0,0,0,0,0,0,0,0,0,0,0,0,0,0,0,0,0,0,0,0,0,0,0,0,0,0,0,0,0,0,0,0,0,0,1,0,0,0,0,0,0,0,0,0,1,0,0,0,0
twist_noise_034,0,0,0,0,0,0,0,0,0,0,0,0,0,1,1,1,1,0,0,0,0,0,0,0,0,0,0,1,0,0,0,0,1,0,1,0,0,0,0,0,1,0,0,1,1,0,1,0,0,0,0,0,1,0,1,0,0,1,0,0,0,0,0,1,0,0,0,1,0,0,0,1,0,0,0,1,1,0,0,0,0,0,1,0,1,0,0,0,0,1,0,0,0,0,1,0,0,1,0,1,1,0,0,0,0,0,0,0,1,0,0,0,0,0,1,0,1,1,1,1,0,0,1,0,0,0,1,1,0,0,0,0,1,1,0,0,1,1,0,0,0,0,0,0,0,0,0,0,0,0,0,0,0,1,0,0,0,1,0,1,0,1,1,1,0,0,0,1,0,0,1,0,1,0,0,1,0,1,0,0,0,0,1,1,0,1,0,0,0,0,0,1,0,0,0,0,1,0,0,0,0,1,0,0,0,0,0,0,1,1,1,0,0,0,0,0,1,0,0,0,0,1,1,0,0,0,0,1,1,0,1,0,0,1,1,1,0,0,1,1
corona2_noise_035,1,1,1,0,0,1,1,0,1,1,1,1,1,1,1,1,0,1,0,0,1,0,1,1,1,0,1,0,1,0,0,0,1,1,1,1,1,1,0,0,1,1,0,1,0,0,0,0,0,0,0,0,0,0,1,0,1,1,0,0,1,0,1,1,0,0,0,0,1,1,0,1,0,1,1,0,0,0,0,1,0,1,1,1,0,0,0,1,0,0,1,0,0,0,0,1,0,0,1,0,1,0,1,1,0,0,0,1,0,0,0,0,1,0,0,1,0,1,0,1,0,0,0,0,0,0,1,0,1,0,0,1,1,1,0,1,1,0,0,1,0,1,0,0,0,1,0,0,1,1,1,0,1,0,0,1,1,1,1,1,0,0,1,1,1,0,1,0,0,1,1,0,0,1,0,1,0,1,0,0,1,0,1,1,0,1,0,1,0,0,1,0,0,0,0,0,0,0,1,0,0,1,0,1,0,1,0,1,1,1,0,0,1,1,1,1,0,0,0,0,0,0,1,0,0,0,1,1,1,0,1,1,1,1,1,1,0,0,0,1
agilent_noise_036,0,1,0,0,1,1,0,0,1,0,0,1,0,1,1,0,1,1,0,1,1,0,0,1,0,0,1,0,1,0,0,0,0,1,0,1,0,1,0,1,0,1,0,0,1,0,0,0,1,0,1,1,1,0,0,1,1,0,1,0,0,1,0,1,1,0,0,1,1,0,0,0,1,0,1,0,1,0,0,0,0,0,0,1,1,0,1,0,1,0,1,1,0,0,0,0,1,0,0,0,1,0,1,0,0,1,0,1,0,0,0,1,0,1,1,0,0,0,1,0,0,1,0,0,0,1,1,1,1,0,0,1,1,1,0,0,1,1,1,0,0,0,1,0,1,1,1,0,1,0,1,1,1,0,1,1,0,1,0,0,1,1,1,0,0,0,1,0,0,1,0,1,0,0,0,1,0,0,1,1,0,1,1,1,0,0,1,1,0,1,1,1,1,1,0,0,1,0,1,1,1,0,1,0,1,1,1,0,1,0,1,0,0,0,0,0,0,1,1,0,1,0,0,0,0,1,0,0,1,1,1,0,0,1,0,0,1,0,0,0
twist_noise_037,0,0,1,1,0,1,0,1,0,0,0,0,0,1,0,0,0,0,0,0,0,0,1,0,0,0,1,0,1,0,0,1,0,0,1,1,0,0,0,1,0,0,0,1,0,0,1,0,0,0,1,0,0,0,0,1,1,0,0,0,1,0,0,0,1,0,0,0,0,1,0,0,1,0,1,0,0,0,1,0,0,0,0,0,1,1,0,0,1,0,0,0,1,0,1,0,0,0,0,1,0,0,0,0,0,0,0,0,1,0,0,0,0,1,0,1,0,0,1,0,0,0,1,0,0,1,0,0,0,0,0,0,1,0,1,0,1,1,0,1,0,0,1,0,0,0,1,0,0,0,0,1,0,1,0,0,1,1,1,0,0,1,0,0,1,0,0,0,0,0,1,1,1,1,0,0,1,1,0,0,0,1,0,0,0,0,1,0,0,1,1,0,0,1,1,1,0,1,0,1,0,0,0,1,1,0,1,1,0,0,0,0,0,1,1,0,0,0,0,0,0,0,0,0,0,0,0,1,1,0,0,0,0,1,0,0,0,0,0,0
corona2_noise_038,0,0,0,0,0,1,0,0,0,0,0,0,0,0,1,1,0,0,0,0,0,0,0,0,0,0,0,0,1,0,0,0,0,0,0,0,1,0,0,0,1,0,1,1,0,1,1,0,0,0,0,0,0,0,0,0,0,0,0,0,0,1,0,0,0,0,0,0,0,0,0,0,0,0,0,0,0,0,0,0,0,1,0,0,0,0,0,0,0,0,0,0,0,0,1,0,0,1,0,0,0,1,0,0,0,0,0,0,1,1,0,0,0,0,0,0,0,0,0,0,0,0,0,1,0,0,0,0,0,0,0,0,0,0,0,0,0,0,0,1,0,0,0,0,0,0,0,0,0,0,1,0,0,0,0,1,0,1,0,0,0,0,0,0,0,0,0,0,0,1,0,0,0,0,0,0,0,0,0,0,0,0,0,0,0,0,1,0,0,0,0,0,1,0,1,0,0,0,0,0,0,0,0,0,0,0,0,0,0,0,0,0,0,0,1,1,0,0,0,0,0,0,0,1,0,0,0,0,0,1,0,0,1,0,1,0,0,0,0,0
agilent_noise_039,1,1,1,0,0,0,1,0,1,1,1,1,1,1,0,1,0,1,0,1,1,1,0,1,0,1,0,1,0,1,0,0,0,1,1,0,0,1,0,0,0,1,1,1,0,0,0,1,0,0,0,0,1,0,0,1,0,0,0,1,0,1,1,1,0,0,0,1,0,0,0,1,0,1,1,1,1,0,1,1,1,1,0,1,1,1,0,0,0,1,0,1,1,1,1,0,1,1,1,0,1,0,1,0,1,0,1,1,1,0,0,0,1,1,0,0,0,0,1,0,1,0,1,1,1,1,0,1,1,1,0,0,0,0,1,1,0,1,1,0,0,0,1,1,1,1,0,1,0,1,1,0,0,1,1,1,0,0,0,1,0,1,0,1,1,1,1,0,1,0,1,1,1,1,0,1,1,0,0,0,1,0,1,1,0,0,0,1,1,1,0,1,0,0,1,0,0,0,1,1,0,0,0,1,0,1,0,0,0,1,1,0,0,0,0,1,1,0,1,0,1,0,0,0,1,1,0,1,1,0,1,1,0,0,1,0,0,1,0,1
twist_noise_040,1,0,1,0,0,0,0,0,1,1,1,1,0,1,1,0,1,0,0,1,0,0,0,0,1,0,1,1,0,0,0,1,0,1,0,0,0,1,0,1,1,1,1,0,0,1,1,1,1,1,1,1,1,0,1,0,0,1,0,1,1,1,1,0,0,0,1,1,0,0,1,0,0,1,1,0,1,0,0,1,1,0,0,0,1,1,0,1,0,0,0,1,0,1,1,1,1,0,1,0,0,0,0,1,1,1,0,1,1,1,1,0,0,1,0,1,1,1,1,1,0,1,1,1,0,1,0,0,0,0,1,0,0,1,0,0,0,0,1,0,1,0,0,0,0,0,1,0,1,1,0,0,0,1,0,1,1,1,0,0,0,0,1,0,0,0,0,0,0,0,1,1,0,0,1,0,0,0,1,0,0,1,1,1,0,1,1,1,1,0,0,1,1,1,1,1,1,1,1,1,1,1,0,1,1,0,1,0,1,1,1,1,0,0,0,1,0,0,0,1,0,0,0,1,0,1,0,1,1,0,0,0,0,1,1,1,1,0,1,1
corona2_noise_041,0,1,1,0,0,0,0,0,1,1,0,0,0,0,0,0,0,0,0,0,0,0,0,0,0,0,1,0,0,0,0,0,0,1,0,1,0,0,0,0,1,0,0,0,0,0,1,1,0,0,0,1,0,0,1,1,1,0,0,0,0,0,1,1,0,0,0,0,0,0,0,0,0,0,0,0,1,0,0,0,0,0,1,1,0,1,1,0,0,0,0,0,1,0,0,0,1,0,0,0,0,1,0,0,0,1,0,0,0,1,0,0,0,0,0,0,0,0,0,0,0,0,0,1,1,0,0,0,0,1,1,1,0,0,1,0,0,1,0,0,0,0,0,1,1,0,1,1,0,0,1,0,0,0,0,0,0,0,0,1,0,1,0,0,0,0,1,0,0,0,0,0,1,0,0,0,0,0,0,0,0,0,0,0,1,1,0,0,0,0,0,0,0,0,0,0,1,0,0,0,0,0,1,0,1,1,1,0,0,0,1,0,0,0,1,0,0,1,0,1,0,0,0,0,1,1,0,0,0,0,1,1,0,1,1,0,0,0,0,0
agilent_noise_042,0,1,0,0,0,0,0,0,0,0,0,0,0,0,0,0,1,1,0,1,1,0,0,0,0,0,1,1,0,0,0,0,0,0,1,0,0,0,0,1,1,1,0,0,0,0,0,0,1,0,0,1,1,1,0,1,1,0,0,0,0,0,0,0,0,0,0,0,0,0,0,1,0,1,1,0,1,1,1,0,0,0,0,0,1,0,0,0,0,0,0,0,0,0,0,1,0,0,0,1,0,0,0,0,0,0,1,0,1,1,1,0,0,1,1,0,0,1,1,0,0,0,1,0,0,1,0,0,0,0,1,0,1,0,1,0,1,1,0,0,0,0,0,0,1,0,0,1,0,0,1,1,0,0,0,1,0,0,1,0,0,0,0,0,0,0,0,1,0,0,0,0,0,1,0,0,1,0,0,0,0,1,0,0,0,0,0,0,0,1,0,0,0,0,0,0,0,0,0,1,0,1,0,0,0,0,0,0,1,0,0,0,0,0,0,0,0,0,0,0,0,1,1,0,0,0,0,0,0,0,0,0,0,0,0,0,0,1,0,0
twist_noise_043,1,0,1,1,0,1,0,0,0,0,0,0,1,1,1,1,1,1,1,1,1,0,0,0,0,0,1,0,0,1,0,0,0,1,1,0,1,0,0,0,1,0,1,0,1,0,1,1,1,0,1,1,1,0,0,0,1,0,1,0,0,0,0,0,0,0,0,0,1,1,0,0,1,0,1,1,1,1,1,0,0,1,1,1,1,1,0,0,1,1,1,1,1,0,1,0,1,0,0,1,1,1,1,1,1,1,0,1,0,0,1,1,0,0,0,1,0,1,0,1,0,1,0,0,0,0,0,1,0,1,0,0,1,1,0,0,0,1,1,0,0,0,0,0,0,0,1,0,1,0,0,0,0,1,0,0,0,0,1,0,0,0,0,1,1,1,1,0,0,1,0,0,0,1,0,0,1,1,0,1,1,1,0,0,1,1,1,0,0,0,1,1,0,0,1,0,1,1,0,0,0,0,1,1,1,1,0,0,1,1,1,1,0,1,0,1,0,1,1,1,1,1,1,1,0,1,1,0,0,0,1,1,0,1,0,1,1,0,0,1
corona2_noise_044,1,0,1,0,0,0,1,1,1,0,0,1,1,1,1,1,1,0,0,1,1,0,0,0,1,1,1,0,1,1,1,0,1,0,0,0,1,0,0,1,0,1,0,1,0,1,0,0,0,0,0,0,1,0,0,1,1,1,0,1,0,0,0,0,0,0,0,1,1,0,1,0,0,0,0,0,0,1,0,0,0,0,0,0,1,0,1,1,0,0,0,0,0,0,0,0,1,1,0,0,0,1,1,0,0,0,0,0,0,0,0,0,0,0,0,1,0,0,0,1,1,0,0,0,1,0,0,0,0,0,0,0,0,0,1,0,0,0,0,1,0,1,1,0,0,1,0,0,1,0,0,0,0,1,1,0,0,1,0,0,0,0,0,0,1,0,0,1,1,0,0,0,0,1,1,1,0,0,1,0,0,0,1,1,0,1,0,0,1,0,0,0,0,0,0,1,0,0,0,0,1,0,0,1,0,0,0,0,0,1,1,0,0,0,0,0,0,0,1,1,1,0,1,1,0,1,1,1,0,1,0,0,1,0,0,1,0,1,1,0
agilent_noise_045,0,0,0,1,0,1,1,1,0,0,0,1,1,1,0,0,0,1,0,0,1,0,0,1,0,1,1,0,1,1,0,0,0,0,0,1,1,1,1,0,0,0,0,1,0,1,0,0,1,0,0,1,1,0,1,1,0,1,1,1,0,0,0,1,1,1,1,1,0,0,1,0,0,0,0,0,1,0,1,1,0,0,1,0,0,0,0,1,0,0,0,0,1,0,0,0,0,0,0,0,0,1,1,0,0,1,0,0,1,0,0,0,0,0,1,0,1,0,1,0,0,0,1,0,1,0,1,1,1,0,1,0,1,1,0,0,0,1,1,1,1,1,1,0,1,0,1,0,0,1,1,0,1,0,0,0,0,0,0,1,0,1,1,1,1,0,1,1,0,0,1,1,0,1,1,1,1,0,0,1,0,0,1,0,1,0,1,1,0,0,1,1,0,1,0,1,0,0,1,0,1,1,0,1,1,0,0,1,1,0,1,0,1,1,0,0,0,1,0,1,0,1,0,0,0,1,1,0,0,1,1,0,1,1,0,0,0,1,0,0
twist_noise_046,0,0,0,1,0,1,0,0,0,1,1,0,1,0,1,0,0,1,0,0,1,1,0,0,0,0,0,1,1,0,1,1,0,1,1,1,1,1,0,1,0,0,0,1,1,0,0,1,1,0,1,0,0,1,1,1,0,0,0,0,0,1,0,1,0,1,0,1,0,0,1,1,0,1,0,0,0,1,0,1,0,0,0,1,1,0,0,0,0,1,0,0,0,0,1,0,1,1,1,0,0,1,0,0,0,1,1,1,0,1,0,0,0,0,0,0,1,0,0,0,1,0,1,0,1,0,0,0,0,0,0,0,1,1,0,0,0,1,0,0,1,0,0,0,0,0,0,0,1,0,0,1,0,1,1,0,0,0,0,0,0,1,0,0,0,1,1,1,1,0,0,0,1,1,1,1,0,0,1,0,1,0,1,0,0,0,0,1,1,0,0,0,1,1,0,0,1,0,0,0,0,0,1,0,0,0,0,0,0,0,0,0,1,1,0,0,1,1,0,1,0,0,0,1,0,1,1,0,0,1,1,0,1,0,0,1,1,1,1,0
corona2_noise_047,0,0,0,0,0,1,0,0,1,0,0,1,1,0,1,0,0,0,0,1,1,0,0,1,1,1,1,0,0,1,0,0,0,0,1,0,0,0,0,0,1,0,0,1,1,0,1,0,1,1,0,1,1,1,0,1,1,1,0,1,0,0,1,0,1,1,0,0,1,0,1,1,0,1,1,1,0,1,1,0,1,0,0,0,0,0,0,0,1,0,0,0,1,1,0,1,1,0,0,0,1,1,0,0,1,0,0,1,0,0,0,1,1,1,1,0,1,0,0,1,0,1,1,1,1,0,1,0,0,0,1,0,1,0,1,1,1,1,0,0,1,0,0,1,1,1,1,0,0,0,0,0,1,1,1,0,0,0,1,0,0,0,0,0,1,0,1,1,0,1,0,0,1,1,1,0,1,0,1,0,0,1,0,0,1,1,1,0,1,0,0,0,0,1,0,1,0,1,0,1,0,0,0,0,1,0,1,1,1,0,0,1,1,1,0,1,0,1,1,1,1,1,0,0,0,0,0,1,1,0,1,1,0,0,0,0,1,0,1,1
agilent_noise_048,1,0,1,0,0,0,1,0,0,0,0,0,0,0,0,0,1,1,0,0,0,0,0,0,0,0,0,1,1,0,1,1,1,0,0,0,1,0,0,0,0,0,0,1,0,1,0,0,0,0,0,0,0,0,0,0,1,0,1,0,0,0,0,0,0,1,1,0,0,0,1,0,0,0,1,0,0,0,0,0,0,0,0,1,0,1,0,1,0,1,1,1,0,0,1,0,0,1,0,0,1,0,0,1,1,0,0,1,1,0,0,1,0,0,0,0,0,0,0,0,0,0,0,1,0,1,0,0,0,0,1,0,0,1,0,1,0,0,0,0,0,0,1,0,1,0,0,0,0,0,1,0,1,0,0,0,0,0,1,0,1,1,1,0,0,0,0,1,1,0,0,1,1,1,0,1,1,0,0,1,0,1,0,0,1,0,0,0,0,0,0,0,0,0,0,0,1,0,1,0,1,0,0,0,1,0,1,0,1,1,0,0,0,0,0,0,0,0,0,1,0,1,0,0,0,1,0,0,1,0,0,1,0,0,0,0,1,0,1,0
twist_noise_049,1,0,0,1,0,0,0,1,0,1,0,0,0,0,0,1,1,0,0,0,0,0,0,0,0,1,1,1,0,0,0,0,1,1,1,1,1,0,0,0,0,0,0,1,1,0,1,1,0,0,1,1,1,1,1,0,1,0,1,0,1,0,1,0,0,0,0,0,1,0,0,0,0,0,1,0,1,0,1,0,0,1,1,1,0,1,1,0,1,1,0,0,0,0,0,0,0,0,0,1,0,1,0,1,0,0,0,0,0,1,1,0,0,0,0,1,0,0,1,0,1,0,0,0,0,0,0,0,0,1,1,0,0,0,1,0,0,1,0,0,0,1,0,1,0,1,0,0,0,1,1,1,0,1,0,1,0,0,0,1,1,1,0,1,1,0,1,1,0,1,1,0,1,0,1,1,1,0,1,0,1,0,1,1,1,0,0,0,0,0,1,0,0,1,1,1,0,1,0,0,0,0,0,0,0,0,0,0,1,0,1,1,1,1,1,0,0,0,0,1,0,1,0,0,0,1,0,0,0,0,1,0,0,0,0,0,0,0,0,0
corona2_noise_050,0,0,0,0,0,0,1,0,0,0,0,1,0,0,0,0,0,0,0,1,0,0,0,0,0,0,0,0,1,0,0,1,0,0,0,0,0,0,0,0,0,0,0,0,1,0,1,1,0,0,0,0,0,0,1,1,0,0,0,1,1,1,0,0,0,0,1,0,0,0,0,1,0,0,0,0,0,0,1,0,1,0,0,0,0,0,0,0,1,0,1,0,0,0,0,1,1,0,0,0,0,0,1,0,0,0,0,1,0,0,0,0,0,1,0,0,0,1,0,1,0,0,1,1,0,0,0,0,0,0,0,0,0,0,0,0,0,0,0,0,0,0,0,1,0,0,0,0,1,0,0,1,0,0,0,0,0,0,0,1,0,0,0,1,0,0,0,0,1,0,0,1,0,1,0,1,0,0,0,1,0,0,1,0,0,0,0,0,1,0,1,0,0,0,1,0,1,0,0,0,0,0,0,0,0,0,0,0,0,0,0,0,0,0,1,0,0,0,1,0,1,0,1,0,0,0,0,0,0,0,1,0,0,0,1,0,0,1,0,0
agilent_noise_051,0,0,1,0,0,0,0,0,0,1,0,0,0,1,1,0,0,0,0,0,1,1,0,1,0,1,0,0,0,0,0,1,0,0,1,0,1,1,1,0,1,1,1,0,0,0,0,1,1,1,0,1,1,1,1,0,1,0,1,1,0,0,1,0,1,0,1,0,0,0,0,0,0,1,1,1,1,0,1,0,1,0,0,1,0,0,0,1,0,1,1,0,1,1,0,1,1,0,1,1,1,0,0,0,0,0,1,0,1,1,0,0,1,1,1,0,1,1,0,0,1,0,0,1,1,0,0,0,0,0,1,0,1,0,1,1,0,0,1,1,1,0,0,0,1,1,1,0,0,1,1,1,1,0,1,1,1,0,1,0,0,1,0,0,0,1,0,0,0,0,1,0,0,0,0,0,0,0,1,1,1,0,1,0,1,0,0,0,1,0,0,0,1,0,0,0,0,1,0,1,0,0,1,1,1,0,1,0,1,0,1,0,1,1,1,0,0,1,1,0,0,0,1,1,1,1,0,1,0,1,0,0,0,1,1,0,0,1,0,1
twist_noise_052,1,0,1,1,1,0,0,1,0,0,1,1,1,0,1,0,0,1,1,1,0,1,1,0,1,0,1,0,0,0,1,0,1,1,0,0,0,1,0,1,0,1,0,1,0,0,1,0,1,0,0,1,1,1,1,0,1,1,0,0,0,1,1,1,1,1,1,1,1,1,0,0,0,0,0,1,1,1,1,1,0,1,1,1,0,0,0,0,0,1,1,0,1,1,1,0,0,1,1,1,1,1,0,0,0,0,0,1,1,0,1,1,1,1,0,1,0,1,0,1,0,0,1,1,1,0,1,0,1,1,0,0,0,1,0,1,1,1,1,1,0,0,0,1,1,1,0,0,1,0,0,1,1,0,1,1,1,0,1,1,1,1,0,1,1,1,0,1,0,1,0,1,0,0,1,0,1,0,0,1,0,1,1,1,0,0,0,1,1,0,0,1,1,0,0,0,1,0,0,0,0,1,1,1,1,1,1,1,0,1,1,0,0,0,1,0,1,1,0,0,1,0,1,1,1,1,0,1,1,0,1,1,0,1,0,1,0,1,1,0
corona2_noise_053,1,0,0,1,0,0,1,1,1,1,1,0,0,0,0,0,0,0,1,1,0,0,0,0,0,0,0,1,0,1,0,1,1,1,0,0,0,0,0,0,1,1,1,0,0,0,1,0,1,0,0,0,0,1,0,0,0,1,0,0,0,0,0,0,0,1,1,0,0,0,1,0,0,0,1,1,0,0,0,0,0,0,1,0,1,1,0,1,0,0,0,1,1,0,0,0,0,0,1,0,1,1,0,0,1,0,0,1,0,0,1,0,0,0,0,1,1,0,0,0,0,0,1,0,0,0,1,1,0,0,1,0,0,0,0,0,0,1,0,0,0,1,1,1,0,0,1,0,0,0,0,1,1,0,0,0,0,0,1,0,0,1,0,1,0,0,1,1,0,0,1,1,0,0,0,0,0,0,0,0,1,1,1,0,0,0,0,1,1,0,0,1,0,0,0,1,0,1,1,1,0,0,0,1,0,1,1,1,0,0,0,0,0,1,0,1,0,0,0,0,1,0,0,1,0,0,1,1,0,0,1,1,1,0,0,0,1,0,0,0
agilent_noise_054,0,0,1,0,0,0,0,0,0,0,0,0,0,0,0,0,0,0,0,0,0,0,0,0,0,0,0,0,0,0,0,0,0,0,1,1,0,1,0,1,0,0,0,0,0,0,1,0,0,1,0,0,0,1,1,0,0,0,0,0,0,0,0,0,1,0,0,0,0,1,0,1,0,0,1,0,0,0,0,0,0,0,0,1,0,0,0,0,0,0,0,0,0,0,0,0,0,0,0,0,0,0,1,0,1,0,0,1,0,0,0,0,1,0,0,0,0,0,1,0,0,1,0,0,0,0,0,0,0,0,0,0,0,0,0,0,0,0,1,0,0,0,0,0,0,0,0,0,0,0,0,0,0,0,0,0,0,0,0,0,0,0,0,0,0,0,0,0,0,0,0,1,0,0,0,0,0,0,0,0,0,0,0,0,0,0,0,0,0,0,0,0,0,0,0,1,0,0,0,0,0,0,0,0,1,0,0,0,0,0,0,0,0,0,1,0,0,0,0,0,0,0,0,0,0,1,0,0,0,0,0,0,0,0,0,1,0,0,0,1
twist_noise_055,0,1,0,0,0,0,0,0,1,1,1,1,1,0,1,0,1,1,0,0,1,0,0,0,0,1,0,0,0,0,1,0,1,1,0,0,0,0,0,0,0,0,0,0,1,0,0,0,0,0,1,0,1,0,1,1,1,1,0,0,0,1,1,0,0,0,0,1,0,0,0,0,0,1,1,1,0,1,1,0,1,0,0,1,1,0,1,0,1,0,0,0,1,1,0,0,0,0,1,0,1,0,1,0,1,0,1,1,0,1,0,0,0,0,0,0,1,0,0,1,0,1,0,0,0,0,0,1,0,0,0,1,1,0,0,0,1,0,0,0,0,0,1,1,0,0,0,1,1,0,1,0,0,1,1,1,0,0,1,1,0,0,0,0,0,1,0,1,0,0,1,0,1,1,1,0,1,1,1,0,1,1,1,1,1,0,0,0,0,0,0,1,0,0,1,1,1,1,1,1,0,1,1,1,0,0,0,1,0,1,1,1,0,0,1,1,0,0,0,0,0,0,0,0,0,1,0,0,1,0,1,1,0,1,0,0,1,0,0,1
corona2_noise_056,0,1,0,1,1,0,0,1,0,0,1,0,0,1,1,1,1,0,1,1,0,1,0,0,0,1,1,1,1,0,0,0,1,0,1,0,1,1,1,0,0,0,0,1,1,1,0,0,1,0,0,1,1,0,0,0,0,0,0,0,0,1,0,1,0,0,0,0,1,0,0,1,0,0,0,1,0,0,0,0,0,0,0,0,1,0,0,1,0,0,1,1,1,0,0,0,0,0,0,0,1,1,0,0,1,1,0,0,0,1,0,0,1,0,0,0,0,1,0,0,0,0,0,0,1,0,0,0,0,1,1,1,0,0,0,1,1,1,0,0,0,1,1,1,0,1,0,0,0,0,1,1,0,0,0,0,0,1,0,1,0,0,0,0,0,0,0,0,0,0,1,0,1,0,1,1,0,0,1,1,0,0,1,0,1,0,0,1,1,1,0,0,0,0,1,1,0,0,1,1,0,1,1,0,1,0,0,0,1,0,0,0,0,0,1,1,0,0,1,0,0,1,1,1,0,0,1,1,0,0,0,0,0,0,1,0,0,1,0,1
agilent_noise_057,0,1,0,0,0,0,1,0,0,0,1,0,1,0,0,0,1,0,0,0,0,0,0,1,0,0,0,0,0,0,0,1,0,0,0,0,1,0,1,0,0,0,1,0,0,0,0,0,0,0,0,0,0,0,1,0,0,0,0,0,0,1,0,1,0,0,0,0,0,0,0,0,0,0,0,0,0,0,0,0,0,1,0,0,0,0,1,1,0,0,1,0,0,1,0,1,0,0,1,0,0,0,0,1,0,0,0,0,0,1,1,0,1,0,0,1,0,0,0,0,0,0,0,0,0,0,0,0,0,0,0,0,1,0,0,0,0,1,1,1,0,0,0,1,0,0,0,0,0,0,0,0,0,0,0,1,0,0,0,0,1,0,1,0,0,1,0,0,0,0,0,0,0,0,0,0,0,0,0,0,0,1,0,0,0,0,0,1,0,0,0,0,0,0,1,0,0,0,0,0,0,1,0,0,0,1,1,0,0,0,0,0,1,0,0,0,0,0,0,0,0,1,0,0,0,0,0,1,0,0,0,1,0,0,0,0,1,0,0,0
twist_noise_058,0,0,0,0,0,1,0,1,0,0,1,0,1,0,0,1,0,1,1,0,0,0,0,0,0,0,0,0,0,0,1,0,1,1,0,1,0,1,1,0,1,1,0,1,0,1,0,0,0,0,0,0,0,1,0,0,1,0,1,0,0,0,0,1,0,0,0,0,0,0,0,0,0,0,0,0,0,0,0,0,0,0,1,0,0,0,0,0,0,0,0,0,0,0,0,1,1,0,0,0,0,1,1,0,0,0,0,0,0,0,0,1,0,1,0,0,0,0,1,0,0,0,0,0,1,1,0,0,0,0,1,1,0,0,1,0,1,0,0,0,0,0,0,0,0,0,0,0,0,1,0,0,1,0,0,0,1,1,0,1,0,0,1,1,1,0,1,0,1,0,1,0,1,0,1,1,0,0,0,0,0,0,0,0,0,0,0,1,1,0,0,0,0,0,0,1,0,0,1,0,0,1,0,0,0,0,1,0,0,0,0,1,0,0,0,0,0,0,0,0,0,0,0,0,0,0,1,1,1,0,1,0,0,1,1,0,0,0,0,0
corona2_noise_059,0,1,1,0,1,0,1,1,0,1,1,0,0,0,0,0,0,0,0,0,0,0,0,0,0,0,0,0,1,1,1,0,0,0,1,0,0,1,1,0,1,1,0,0,0,1,1,0,1,1,0,0,0,1,1,0,0,1,0,0,0,1,1,0,0,0,1,0,0,0,1,0,0,0,1,1,0,0,1,1,1,1,0,1,1,0,0,1,0,1,0,0,1,0,0,0,0,1,1,0,0,0,0,0,0,0,0,0,0,0,1,1,1,0,0,0,0,1,1,0,1,0,0,0,0,0,1,0,0,0,0,0,0,1,1,0,0,1,0,1,1,0,1,0,1,0,0,1,0,0,0,1,0,0,0,1,0,1,1,0,1,1,0,0,0,0,0,0,0,0,1,1,1,0,0,0,0,0,1,0,0,0,0,0,0,0,0,0,0,1,1,0,0,0,1,0,0,0,0,0,1,1,0,0,0,1,0,1,0,0,1,0,0,0,0,0,0,0,1,1,0,1,0,0,1,0,1,0,0,0,0,0,0,0,1,1,0,0,1,1
agilent_noise_060,0,0,0,0,0,0,0,1,1,1,0,0,0,0,1,1,1,0,0,0,0,0,0,0,0,1,0,0,1,0,0,1,0,1,1,0,0,1,0,1,0,0,0,1,0,1,1,1,0,1,0,0,0,0,1,1,0,0,0,0,0,1,0,0,1,1,1,0,0,0,0,0,0,0,0,0,0,1,1,0,1,0,1,1,1,0,0,0,0,0,1,0,0,0,0,1,0,0,0,1,0,0,1,0,0,0,1,0,0,0,1,0,1,0,1,1,0,1,0,1,1,0,0,1,0,1,0,0,1,1,1,0,0,0,0,1,1,0,0,0,0,1,0,0,0,0,1,0,0,0,0,1,1,0,1,1,0,0,1,0,0,0,0,0,0,0,0,1,1,1,0,0,0,1,0,1,0,0,0,1,1,0,0,1,1,1,0,0,0,0,0,0,1,0,0,1,1,0,0,1,0,1,0,1,1,0,1,0,1,1,1,0,0,1,1,1,0,1,0,1,0,0,0,0,1,0,1,0,1,1,1,1,0,0,0,0,1,0,1,1
twist_noise_061,0,1,1,0,0,1,1,0,1,1,0,0,1,1,1,1,1,0,1,1,0,1,1,0,0,0,0,1,0,1,1,1,0,1,1,1,1,1,0,0,1,0,0,1,1,0,1,0,0,0,1,1,0,0,0,1,0,0,1,0,0,0,1,1,0,0,0,1,0,1,0,1,0,0,0,1,1,1,1,1,1,1,0,1,0,1,1,0,1,0,1,1,1,0,1,0,1,0,1,0,1,1,0,0,0,0,0,1,1,1,0,1,1,0,0,0,0,1,0,0,1,1,1,1,1,1,1,0,1,0,1,0,1,1,1,1,1,0,0,1,0,0,1,0,1,0,0,0,0,1,0,1,0,0,1,1,1,0,1,1,0,1,0,0,1,0,1,1,0,0,1,1,0,1,0,0,0,0,1,0,0,1,1,0,1,0,0,1,1,1,1,1,0,1,0,0,0,1,1,0,0,1,1,0,1,0,1,1,1,1,1,0,0,1,0,0,0,1,0,0,0,0,1,0,1,0,1,1,1,1,1,0,1,1,0,1,1,0,0,0
corona2_noise_062,0,0,1,0,1,1,0,0,0,0,1,1,0,0,1,0,1,1,1,1,1,1,0,0,0,1,0,0,1,0,0,1,1,1,0,0,0,0,0,0,0,1,0,0,0,0,0,1,1,0,0,0,0,0,1,0,1,0,0,0,0,1,0,1,0,0,0,1,1,1,0,0,0,0,0,0,1,1,0,0,0,0,0,0,1,1,1,1,0,1,0,1,1,0,1,0,1,0,1,0,1,0,0,1,0,0,1,1,1,1,0,0,0,0,0,0,0,1,0,0,1,0,0,0,0,0,1,1,0,1,0,0,0,0,0,0,0,1,0,0,0,1,0,0,0,0,0,1,1,0,0,0,0,1,0,0,0,0,1,0,0,0,1,0,0,0,1,1,0,0,1,0,0,0,0,0,0,0,0,0,0,0,1,0,0,0,0,0,0,0,1,1,1,0,0,1,0,1,0,0,0,0,1,0,0,0,1,0,0,0,0,0,0,0,0,0,1,0,0,0,0,0,1,0,1,1,0,0,1,0,1,0,0,1,0,1,0,0,1,0
agilent_noise_063,0,0,1,0,0,0,0,0,0,1,0,0,0,0,1,0,1,0,0,0,0,0,0,0,0,0,0,0,0,1,0,0,0,1,0,0,0,0,0,0,0,0,0,0,0,0,0,0,0,0,0,1,1,0,0,0,0,0,1,0,0,1,0,0,0,0,0,1,0,0,0,0,1,0,1,0,0,1,1,0,0,1,0,0,0,1,0,1,1,0,0,0,1,1,0,0,1,0,1,0,0,1,0,0,1,1,0,1,0,0,1,0,0,0,0,0,0,0,0,0,0,0,0,0,0,1,0,0,0,0,1,0,0,0,0,0,0,0,0,0,0,0,0,0,0,0,0,0,1,0,0,0,0,0,0,0,0,0,0,0,0,1,1,0,0,0,1,1,0,0,0,1,0,1,0,0,0,0,0,0,0,0,0,0,0,1,0,0,0,0,0,1,0,0,0,0,0,0,0,0,0,0,0,0,0,0,0,0,0,1,1,0,0,0,1,0,0,0,0,0,0,0,1,1,0,0,0,1,0,1,0,0,0,0,0,1,0,0,1,1
twist_noise_064,0,0,0,0,0,1,1,1,0,0,0,0,1,0,0,0,1,1,1,0,1,1,0,0,0,0,0,0,0,0,0,1,0,0,1,0,1,0,0,0,0,0,0,0,0,0,0,0,0,0,0,1,0,0,0,0,0,0,0,0,1,0,1,0,0,0,1,0,0,0,1,0,0,0,1,0,0,1,0,1,0,0,1,1,1,1,0,0,0,0,1,0,1,0,0,0,0,0,0,0,0,1,1,1,0,0,1,0,0,0,0,0,0,0,0,1,1,1,0,0,0,1,0,0,0,1,1,0,0,0,1,0,0,0,0,1,0,0,0,0,0,0,0,0,0,0,1,1,0,1,0,0,0,0,0,0,1,0,0,0,1,1,0,0,1,0,0,0,1,0,0,1,0,0,0,0,0,0,0,1,1,0,0,0,0,1,0,0,1,0,1,0,0,0,0,1,0,0,0,0,0,0,0,0,0,0,0,1,0,1,0,0,0,1,0,1,0,1,0,0,0,0,0,0,0,0,1,0,0,0,1,0,0,0,0,0,0,1,0,0
corona2_noise_065,0,0,1,0,1,0,0,0,0,0,0,0,1,0,1,0,0,0,0,0,0,1,1,0,0,0,0,1,0,0,0,0,0,0,0,0,0,0,0,1,0,0,0,0,1,0,0,1,1,0,1,0,0,1,0,0,0,0,0,0,0,1,0,1,0,0,0,0,0,0,0,0,0,1,0,0,0,0,1,0,1,0,0,1,1,0,0,1,0,0,0,0,0,0,0,0,0,1,0,0,0,0,0,0,0,0,0,0,0,0,0,1,0,1,0,0,1,1,0,1,0,0,1,1,0,0,0,0,0,0,0,0,0,0,0,0,0,0,0,0,0,1,1,0,0,0,1,0,0,0,0,0,0,0,0,0,0,0,0,0,0,0,0,1,0,1,0,0,0,0,1,0,0,1,0,0,1,1,0,0,0,1,0,1,0,0,0,0,0,1,1,0,0,0,0,0,0,0,0,0,0,0,0,0,0,0,0,0,0,0,0,0,0,0,0,0,1,0,0,1,0,0,1,0,0,0,1,0,0,0,0,0,0,0,0,1,0,0,0,0
agilent_noise_066,0,0,1,1,1,0,1,0,1,0,0,1,0,0,0,0,1,1,1,1,1,1,1,0,0,0,1,0,0,0,1,1,1,1,1,1,0,1,1,1,1,0,0,0,1,0,1,1,1,0,1,1,1,0,0,1,1,1,0,1,0,1,0,1,0,1,1,1,0,1,1,1,0,1,0,0,1,1,0,1,1,1,0,0,1,1,1,1,0,1,1,1,1,1,0,0,1,0,0,0,0,0,0,0,1,0,1,1,0,0,0,1,0,1,0,0,1,0,0,0,0,0,0,1,0,1,0,1,1,1,0,0,1,1,1,0,1,0,1,1,1,0,0,1,0,1,1,1,0,0,1,0,1,0,1,0,0,1,0,0,0,0,1,0,1,1,1,1,0,0,1,0,1,1,1,0,1,0,1,1,1,1,1,1,1,0,1,0,1,0,0,1,1,1,1,1,0,1,0,1,1,1,1,1,0,0,0,1,1,1,0,1,1,0,1,1,0,1,1,0,0,1,0,1,0,0,0,1,1,0,0,0,0,1,1,1,1,0,1,0
twist_noise_067,1,1,0,0,0,0,0,0,0,0,0,1,0,0,0,0,0,0,1,0,0,0,0,0,0,0,0,0,1,0,0,0,0,0,0,0,0,0,1,1,0,0,0,0,0,0,0,0,0,0,0,0,0,0,1,0,0,0,0,0,0,0,0,0,1,0,0,0,0,0,0,0,0,0,1,0,0,1,0,0,1,1,0,0,1,0,1,0,0,0,0,1,0,0,0,0,0,0,0,0,0,0,0,0,0,0,0,0,0,0,1,0,0,0,0,0,0,1,0,0,0,0,0,0,0,0,0,0,0,0,0,0,0,0,0,0,1,0,0,0,0,0,0,0,0,0,0,0,0,0,0,0,0,0,0,0,1,0,0,0,0,0,0,0,0,1,0,0,0,1,1,0,0,0,0,0,0,0,1,1,0,0,0,1,0,0,0,0,0,0,0,0,0,0,1,0,0,0,0,1,0,0,0,0,0,0,0,1,0,0,0,0,0,1,0,0,0,0,0,0,0,0,0,0,0,1,1,0,0,1,0,0,0,0,0,0,0,1,0,0
corona2_noise_068,0,1,0,1,1,0,0,1,1,1,0,1,0,1,0,0,0,0,0,0,1,0,0,1,1,1,0,0,0,1,1,1,0,0,0,1,0,1,1,1,1,1,0,0,0,1,1,1,0,1,0,1,0,1,1,1,0,0,0,0,1,0,0,1,0,1,1,0,0,0,1,1,1,0,0,0,0,1,0,1,1,0,0,1,1,0,0,1,1,1,0,1,1,1,1,0,1,0,0,1,0,0,0,1,1,0,0,0,1,1,1,1,0,0,1,0,1,1,0,0,0,1,1,0,0,0,0,1,0,0,1,1,0,0,0,0,0,0,1,1,1,1,1,1,1,1,0,1,0,1,1,1,0,0,1,1,0,0,0,0,1,1,1,0,0,0,1,1,1,0,1,1,0,0,1,0,1,0,1,1,0,0,1,0,0,0,0,1,1,1,0,1,1,0,1,0,1,0,1,1,0,1,1,0,1,0,1,0,1,0,0,1,1,0,0,1,1,0,0,1,0,0,0,1,0,0,1,0,0,0,1,1,0,1,1,0,0,1,0,0
agilent_noise_069,0,1,1,0,1,0,1,1,0,1,0,0,0,0,0,0,0,0,0,0,0,0,0,1,0,0,1,0,0,0,0,0,1,0,0,0,1,0,0,0,0,0,0,0,0,0,0,0,1,0,0,1,0,0,0,0,0,0,0,0,0,0,0,1,1,0,0,1,0,1,0,0,0,0,0,0,0,0,0,1,0,0,0,1,0,0,0,0,0,0,0,0,0,0,0,0,0,0,0,1,0,0,1,1,0,0,0,0,1,0,1,0,0,0,1,0,0,0,0,0,0,0,0,0,0,0,0,1,0,0,0,0,0,0,0,0,0,0,0,0,0,0,0,0,0,0,0,0,0,0,0,0,0,1,0,0,1,0,0,0,0,0,0,0,0,0,0,0,0,0,0,0,0,0,1,0,0,0,0,0,0,1,0,0,0,0,1,0,0,0,0,0,0,0,0,0,0,0,0,0,1,0,0,0,0,0,0,0,1,0,0,0,0,0,0,0,0,0,0,0,0,0,0,0,0,0,0,0,0,0,0,0,0,0,0,0,0,0,0,0
twist_noise_070,0,0,0,0,1,0,0,0,0,0,0,0,0,0,0,0,0,0,0,0,0,0,0,1,1,0,0,0,0,0,0,0,1,1,1,0,0,0,0,0,0,0,0,0,0,0,0,0,0,0,0,0,0,0,0,0,0,0,1,0,1,1,0,0,0,0,0,0,0,0,0,0,0,0,0,0,0,0,0,0,0,0,0,0,0,0,1,0,0,0,0,1,0,0,0,0,0,0,0,0,0,1,0,0,1,0,0,0,0,0,1,0,0,1,0,0,0,0,1,1,0,0,0,0,0,0,0,0,0,1,0,0,0,0,0,0,0,0,1,0,0,0,0,0,0,0,0,1,0,0,1,0,0,0,0,1,0,0,1,0,0,0,0,0,0,0,0,0,0,0,0,0,0,0,0,0,0,0,0,0,0,0,0,0,0,0,0,0,1,0,0,0,0,0,0,0,0,0,0,0,0,1,0,0,0,0,1,0,0,0,0,0,0,0,0,0,0,0,0,1,0,0,1,0,0,0,0,0,0,0,0,1,0,0,0,1,0,0,1,0
corona2_noise_071,0,0,0,0,0,0,0,0,0,1,0,1,0,0,0,0,0,0,0,0,1,0,0,0,0,0,0,0,0,0,0,0,1,0,0,0,0,1,0,0,0,0,0,0,0,0,0,0,0,0,0,0,0,0,0,0,0,1,0,0,0,0,0,0,0,0,0,0,0,0,0,0,0,1,0,1,0,0,0,0,0,0,0,0,0,0,0,0,0,0,0,0,0,0,0,0,0,0,0,0,0,0,0,0,0,0,1,0,0,0,0,0,0,0,0,0,0,0,1,0,0,0,0,0,0,0,0,0,0,0,0,0,1,0,0,0,0,0,0,1,0,0,0,1,0,0,0,0,0,0,0,0,0,0,0,0,1,0,0,0,0,1,0,0,0,0,0,0,0,0,0,0,1,0,0,1,1,0,0,0,1,1,0,0,0,0,0,1,0,0,0,0,0,0,0,0,0,1,1,0,0,0,0,0,0,1,1,0,0,0,0,0,0,0,0,0,0,1,0,0,0,0,0,0,1,0,0,0,0,0,0,0,0,0,0,0,0,0,0,0
agilent_noise_072,0,0,0,0,1,0,0,1,1,1,0,0,0,1,1,0,1,0,0,0,0,1,0,0,0,0,1,0,0,0,1,0,0,0,0,0,0,0,1,0,1,1,1,0,0,1,1,0,1,1,0,0,0,1,0,0,0,1,0,0,0,0,0,0,0,0,0,0,1,0,0,1,0,1,0,1,1,0,0,0,0,0,0,0,0,0,0,1,0,0,0,0,0,0,0,0,0,0,0,0,0,0,0,0,0,0,0,1,1,1,0,1,0,0,0,0,0,0,1,0,1,0,0,1,0,0,1,0,0,0,0,1,0,0,0,1,0,1,0,0,0,0,1,0,0,1,1,1,1,0,1,1,0,0,1,0,0,0,0,0,1,0,0,0,0,0,0,0,1,0,1,0,1,0,0,0,0,0,0,0,0,1,0,0,0,1,0,0,1,1,0,1,0,0,0,0,1,1,1,1,0,1,1,1,1,0,1,0,0,0,0,1,0,0,1,0,0,0,0,1,1,0,0,0,1,0,1,1,1,0,0,0,0,0,1,1,0,0,1,0
twist_noise_073,0,0,1,0,0,1,0,0,0,1,0,1,0,1,0,0,0,0,1,0,1,0,0,1,0,1,0,0,0,1,0,1,1,0,0,1,0,1,1,1,0,0,0,0,1,0,1,1,0,0,1,1,0,0,0,0,1,0,1,0,1,1,0,0,0,1,0,0,1,0,0,0,1,0,0,0,0,0,1,0,0,1,0,0,0,1,1,0,0,0,1,1,1,0,0,1,1,1,0,0,0,1,0,0,0,0,1,0,1,0,0,0,0,0,0,1,1,0,1,0,0,1,1,0,0,0,0,1,1,0,0,1,0,1,0,0,0,0,1,0,1,0,0,0,1,0,0,0,0,0,0,1,0,0,1,0,0,0,0,1,0,0,1,0,1,1,1,1,0,0,0,0,0,1,0,0,0,0,0,0,0,0,0,0,0,0,0,1,0,1,0,0,0,0,1,1,1,0,0,0,0,0,0,0,0,1,1,0,0,0,1,1,1,0,1,0,1,0,0,1,0,0,0,0,0,1,0,0,0,0,1,0,0,0,0,1,1,0,0,1
corona2_noise_074,0,0,0,0,0,0,0,0,1,0,0,0,1,1,0,1,1,0,0,0,0,0,1,0,1,0,0,1,0,0,1,1,0,1,1,0,0,1,1,1,0,1,0,0,0,0,0,1,0,0,1,1,1,1,0,0,1,1,1,0,0,0,0,0,1,1,0,0,1,0,0,0,0,1,0,0,0,1,0,0,0,0,0,1,1,1,1,0,0,0,0,1,0,0,0,1,0,0,0,1,0,1,0,0,0,0,0,0,0,0,0,0,0,0,1,0,1,1,1,0,0,1,1,0,1,0,0,0,1,1,1,0,0,1,0,0,0,0,0,0,1,0,0,0,0,0,1,0,1,0,0,0,0,1,0,1,1,0,0,0,1,0,0,0,0,1,0,0,0,0,0,0,0,1,0,1,0,1,0,0,0,0,1,1,0,0,1,0,0,0,0,0,0,0,0,1,1,0,0,0,0,0,1,0,1,1,1,0,0,1,0,1,0,1,0,0,0,0,1,0,0,0,0,0,1,0,0,0,0,0,0,1,0,1,0,0,0,0,1,0
