peptide_id,perfect_training_001,perfect_training_002,perfect_training_003,perfect_training_004,perfect_training_005,perfect_training_006,perfect_training_007,perfect_training_008,perfect_training_009,perfect_training_010,perfect_training_011,perfect_training_012,perfect_training_013,perfect_training_014,perfect_training_015,perfect_training_016,perfect_training_017,perfect_training_018,perfect_training_019,perfect_training_020,perfect_training_021,perfect_training_022,perfect_training_023,perfect_training_024,perfect_training_025,perfect_training_026,perfect_training_027,perfect_training_028,perfect_training_029,perfect_training_030,perfect_training_031,perfect_training_032,perfect_training_033,perfect_training_034,perfect_training_035,perfect_training_036,perfect_training_037,perfect_training_038,perfect_training_039,perfect_training_040,perfect_training_041,perfect_training_042,perfect_training_043,perfect_training_044,perfect_training_045,perfect_training_046,perfect_training_047,perfect_training_048,perfect_training_049,perfect_training_050,perfect_training_051,perfect_training_052,perfect_training_053,perfect_training_054,perfect_training_055,perfect_training_056,perfect_training_057,perfect_training_058,perfect_training_059,perfect_training_060,perfect_training_061,perfect_training_062,perfect_training_063,perfect_training_064,perfect_training_065,perfect_training_066,perfect_training_067,perfect_training_068,perfect_training_069,perfect_training_070,perfect_training_071,perfect_training_072,perfect_training_073,perfect_training_074,perfect_training_075,perfect_training_076,perfect_training_077,perfect_training_078,perfect_training_079,perfect_training_080,perfect_training_081,perfect_training_082,perfect_training_083,perfect_training_084,perfect_training_085,perfect_training_086,perfect_training_087,perfect_training_088,perfect_training_089,perfect_training_090,perfect_training_091,perfect_training_092,perfect_training_093,perfect_training_094,perfect_training_095,perfect_training_096,perfect_training_097,perfect_training_098,perfect_training_099,perfect_training_100,perfect_training_101,perfect_training_102,perfect_training_103,perfect_training_104,perfect_training_105,perfect_training_106,perfect_training_107,perfect_training_108,perfect_training_109,perfect_training_110,perfect_training_111,perfect_training_112,perfect_training_113,perfect_training_114,perfect_training_115,perfect_training_116,perfect_training_117,perfect_training_118,perfect_training_119,perfect_training_120,perfect_training_121,perfect_training_122,perfect_training_123,perfect_training_124,perfect_training_125,perfect_training_126,perfect_training_127,perfect_training_128,perfect_training_129,perfect_training_130,perfect_training_131,perfect_training_132,perfect_training_133,perfect_training_134,perfect_training_135,perfect_training_136,perfect_training_137,perfect_training_138,perfect_training_139,perfect_training_140,perfect_training_141,perfect_training_142,perfect_training_143,perfect_training_144,perfect_training_145,perfect_training_146,perfect_training_147,perfect_training_148,perfect_training_149,perfect_training_150,perfect_training_151,perfect_training_152,perfect_training_153,perfect_training_154,perfect_training_155,perfect_training_156,perfect_training_157,perfect_training_158,perfect_training_159,perfect_training_160,perfect_external_001,perfect_external_002,perfect_external_003,perfect_external_004,perfect_external_005,perfect_external_006,perfect_external_007,perfect_external_008,perfect_external_009,perfect_external_010,perfect_external_011,perfect_external_012,perfect_external_013,perfect_external_014,perfect_external_015,perfect_external_016,perfect_external_017,perfect_external_018,perfect_external_019,perfect_external_020,perfect_external_021,perfect_external_022,perfect_external_023,perfect_external_024,perfect_external_025,perfect_external_026,perfect_external_027,perfect_external_028,perfect_external_029,perfect_external_030,perfect_external_031,perfect_external_032,perfect_external_033,perfect_external_034,perfect_external_035,perfect_external_036,perfect_external_037,perfect_external_038,perfect_external_039,perfect_external_040,perfect_external_041,perfect_external_042,perfect_external_043,perfect_external_044,perfect_external_045,perfect_external_046,perfect_external_047,perfect_external_048,perfect_external_049,perfect_external_050,perfect_external_051,perfect_external_052,perfect_external_053,perfect_external_054,perfect_external_055,perfect_external_056,perfect_external_057,perfect_external_058,perfect_external_059,perfect_external_060,perfect_external_061,perfect_external_062,perfect_external_063,perfect_external_064,perfect_external_065,perfect_external_066,perfect_external_067,perfect_external_068,perfect_external_069,perfect_external_070,perfect_external_071,perfect_external_072,perfect_external_073,perfect_external_074,perfect_external_075,perfect_external_076,perfect_external_077,perfect_external_078,perfect_external_079,perfect_external_080
agilent_signal_01,1,0,0,0,0,0,1,0,1,0,1,1,0,1,1,1,0,0,0,0,0,1,1,1,0,1,1,0,1,1,0,0,1,1,0,0,1,0,0,1,0,0,1,0,0,1,1,1,0,1,1,1,0,1,1,0,1,0,1,0,1,0,1,1,0,1,1,0,1,1,1,0,0,1,1,0,1,1,0,1,1,1,0,0,1,1,1,0,0,1,1,1,0,1,0,1,0,1,1,0,1,0,1,0,0,1,1,0,1,1,1,1,1,1,0,0,1,0,1,0,0,0,0,0,0,1,1,0,0,1,1,1,0,0,0,0,1,0,0,0,0,1,1,0,0,1,1,0,1,0,0,0,0,1,0,0,0,0,1,0,0,1,0,1,1,0,1,1,1,0,1,0,0,0,1,0,1,1,0,0,1,0,1,1,0,0,0,1,0,1,0,0,0,0,1,1,1,0,0,1,0,0,0,1,1,0,1,0,1,1,1,0,0,0,0,1,1,1,0,1,0,0,0,1,1,0,1,1,1,0,0,1,1,1,0,0,1,1,0,1
twist_signal_02,0,1,1,1,1,1,0,1,0,1,0,0,1,0,0,0,1,1,1,1,1,0,0,0,1,0,0,1,0,0,1,1,0,0,1,1,0,1,1,0,1,1,0,1,1,0,0,0,1,0,0,0,1,0,0,1,0,1,0,1,0,1,0,0,1,0,0,1,0,0,0,1,1,0,0,1,0,0,1,0,0,0,1,1,0,0,0,1,1,0,0,0,1,0,1,0,1,0,0,1,0,1,0,1,1,0,0,1,0,0,0,0,0,0,1,1,0,1,0,1,1,1,1,1,1,0,0,1,1,0,0,0,1,1,1,1,0,1,1,1,1,0,0,1,1,0,0,1,0,1,1,1,1,0,1,1,1,1,0,1,1,0,1,0,0,1,0,0,0,1,0,1,1,1,0,1,0,0,1,1,0,1,0,0,1,1,1,0,1,0,1,1,1,1,0,0,0,1,1,0,1,1,1,0,0,1,0,1,0,0,0,1,1,1,1,0,0,0,1,0,1,1,1,0,0,1,0,0,0,1,1,0,0,0,1,1,0,0,1,0
corona2_signal_03,1,0,0,0,0,0,1,0,1,0,1,1,0,1,1,1,0,0,0,0,0,1,1,1,0,1,1,0,1,1,0,0,1,1,0,0,1,0,0,1,0,0,1,0,0,1,1,1,0,1,1,1,0,1,1,0,1,0,1,0,1,0,1,1,0,1,1,0,1,1,1,0,0,1,1,0,1,1,0,1,1,1,0,0,1,1,1,0,0,1,1,1,0,1,0,1,0,1,1,0,1,0,1,0,0,1,1,0,1,1,1,1,1,1,0,0,1,0,1,0,0,0,0,0,0,1,1,0,0,1,1,1,0,0,0,0,1,0,0,0,0,1,1,0,0,1,1,0,1,0,0,0,0,1,0,0,0,0,1,0,0,1,0,1,1,0,1,1,1,0,1,0,0,0,1,0,1,1,0,0,1,0,1,1,0,0,0,1,0,1,0,0,0,0,1,1,1,0,0,1,0,0,0,1,1,0,1,0,1,1,1,0,0,0,0,1,1,1,0,1,0,0,0,1,1,0,1,1,1,0,0,1,1,1,0,0,1,1,0,1
agilent_signal_04,0,1,1,1,1,1,0,1,0,1,0,0,1,0,0,0,1,1,1,1,1,0,0,0,1,0,0,1,0,0,1,1,0,0,1,1,0,1,1,0,1,1,0,1,1,0,0,0,1,0,0,0,1,0,0,1,0,1,0,1,0,1,0,0,1,0,0,1,0,0,0,1,1,0,0,1,0,0,1,0,0,0,1,1,0,0,0,1,1,0,0,0,1,0,1,0,1,0,0,1,0,1,0,1,1,0,0,1,0,0,0,0,0,0,1,1,0,1,0,1,1,1,1,1,1,0,0,1,1,0,0,0,1,1,1,1,0,1,1,1,1,0,0,1,1,0,0,1,0,1,1,1,1,0,1,1,1,1,0,1,1,0,1,0,0,1,0,0,0,1,0,1,1,1,0,1,0,0,1,1,0,1,0,0,1,1,1,0,1,0,1,1,1,1,0,0,0,1,1,0,1,1,1,0,0,1,0,1,0,0,0,1,1,1,1,0,0,0,1,0,1,1,1,0,0,1,0,0,0,1,1,0,0,0,1,1,0,0,1,0
twist_signal_05,1,0,0,0,0,0,1,0,1,0,1,1,0,1,1,1,0,0,0,0,0,1,1,1,0,1,1,0,1,1,0,0,1,1,0,0,1,0,0,1,0,0,1,0,0,1,1,1,0,1,1,1,0,1,1,0,1,0,1,0,1,0,1,1,0,1,1,0,1,1,1,0,0,1,1,0,1,1,0,1,1,1,0,0,1,1,1,0,0,1,1,1,0,1,0,1,0,1,1,0,1,0,1,0,0,1,1,0,1,1,1,1,1,1,0,0,1,0,1,0,0,0,0,0,0,1,1,0,0,1,1,1,0,0,0,0,1,0,0,0,0,1,1,0,0,1,1,0,1,0,0,0,0,1,0,0,0,0,1,0,0,1,0,1,1,0,1,1,1,0,1,0,0,0,1,0,1,1,0,0,1,0,1,1,0,0,0,1,0,1,0,0,0,0,1,1,1,0,0,1,0,0,0,1,1,0,1,0,1,1,1,0,0,0,0,1,1,1,0,1,0,0,0,1,1,0,1,1,1,0,0,1,1,1,0,0,1,1,0,1
corona2_signal_06,0,1,1,1,1,1,0,1,0,1,0,0,1,0,0,0,1,1,1,1,1,0,0,0,1,0,0,1,0,0,1,1,0,0,1,1,0,1,1,0,1,1,0,1,1,0,0,0,1,0,0,0,1,0,0,1,0,1,0,1,0,1,0,0,1,0,0,1,0,0,0,1,1,0,0,1,0,0,1,0,0,0,1,1,0,0,0,1,1,0,0,0,1,0,1,0,1,0,0,1,0,1,0,1,1,0,0,1,0,0,0,0,0,0,1,1,0,1,0,1,1,1,1,1,1,0,0,1,1,0,0,0,1,1,1,1,0,1,1,1,1,0,0,1,1,0,0,1,0,1,1,1,1,0,1,1,1,1,0,1,1,0,1,0,0,1,0,0,0,1,0,1,1,1,0,1,0,0,1,1,0,1,0,0,1,1,1,0,1,0,1,1,1,1,0,0,0,1,1,0,1,1,1,0,0,1,0,1,0,0,0,1,1,1,1,0,0,0,1,0,1,1,1,0,0,1,0,0,0,1,1,0,0,0,1,1,0,0,1,0
twist_noise_001,1,1,1,1,0,0,0,1,1,0,1,1,0,1,0,1,0,0,0,1,0,0,0,1,0,1,0,1,0,1,0,1,1,0,0,1,0,0,0,0,0,1,1,0,1,1,1,0,1,0,0,0,0,1,0,0,0,1,1,1,0,1,1,1,1,0,0,0,0,0,0,0,0,1,0,1,0,1,1,0,1,1,0,0,0,0,1,1,0,1,1,0,1,1,0,0,0,0,1,0,1,1,1,0,0,1,0,0,1,0,0,0,1,0,1,0,0,0,1,0,1,1,1,1,0,1,0,1,1,0,1,1,0,0,1,1,1,1,0,1,0,1,0,1,0,1,0,0,0,1,0,1,0,0,0,0,0,0,0,0,1,1,0,0,0,1,0,1,1,0,1,0,1,0,1,1,0,1,1,0,0,0,0,1,1,1,1,1,0,1,1,1,1,0,1,1,0,0,0,1,1,1,0,0,1,1,1,0,0,0,1,1,1,0,1,1,1,0,0,0,0,1,1,0,1,1,0,1,1,0,0,0,0,0,1,0,0,0,0,1
corona2_noise_002,0,0,1,1,1,1,0,0,1,0,0,0,0,1,0,1,1,1,1,1,0,0,1,0,1,1,0,0,1,1,0,1,0,0,1,0,1,0,1,0,1,0,1,0,1,1,0,1,1,0,1,1,0,1,1,1,0,1,1,0,1,1,0,1,1,1,0,1,0,1,0,0,0,1,1,0,1,0,0,1,1,1,0,0,1,0,0,1,1,0,1,1,1,1,0,0,0,0,0,1,1,1,0,1,0,0,1,0,1,0,0,1,1,1,0,0,0,1,0,1,0,1,0,0,0,0,1,1,0,0,0,0,0,0,0,1,1,1,1,0,1,0,0,0,0,0,0,0,0,0,1,0,1,0,0,1,1,0,1,1,1,0,0,1,0,1,0,0,1,0,1,0,0,0,0,0,0,1,0,1,0,0,0,0,1,0,1,0,0,0,1,0,0,1,0,0,0,1,0,0,0,1,1,1,0,1,1,0,1,1,0,1,0,1,0,0,0,0,1,1,0,0,0,0,0,0,0,0,0,0,0,1,0,0,0,1,1,0,0,0
agilent_noise_003,0,0,0,0,1,1,1,1,1,0,1,0,1,1,0,1,0,1,0,1,1,0,0,1,1,0,1,0,1,0,0,1,0,0,0,1,0,1,0,0,0,0,1,1,1,0,0,0,1,1,1,1,0,1,1,1,1,0,0,1,0,0,1,1,0,0,1,1,0,0,0,0,0,0,1,0,1,1,0,1,1,1,0,0,0,0,0,1,1,0,0,0,1,0,0,1,0,1,0,1,0,0,0,0,0,0,0,1,1,1,0,1,1,0,1,0,0,1,0,1,0,1,0,0,1,1,0,0,1,0,1,0,0,1,1,0,1,1,1,0,1,1,1,0,1,1,0,0,1,0,0,0,1,1,1,1,1,0,1,0,0,1,0,0,1,1,0,0,1,1,1,0,0,0,0,1,0,0,1,0,1,0,1,1,1,0,0,0,1,0,0,0,1,0,0,0,0,1,0,1,0,0,1,1,1,0,0,1,0,1,1,0,0,0,1,0,0,1,0,0,0,1,0,1,1,0,1,0,1,1,0,1,0,0,0,0,0,0,1,0
twist_noise_004,1,0,1,0,1,1,1,1,0,1,0,0,0,1,1,1,1,0,0,1,0,1,0,0,0,0,1,0,1,0,1,1,0,0,1,0,1,1,1,0,1,1,0,1,0,0,1,1,1,0,0,1,0,1,0,1,1,1,0,0,0,0,0,0,0,1,0,1,0,0,0,0,1,1,1,1,1,0,0,0,0,0,1,1,1,0,0,0,1,1,1,1,0,0,1,1,1,1,0,1,1,0,0,0,1,1,1,0,0,1,1,1,1,0,1,0,0,1,1,1,0,0,0,0,0,1,0,0,1,1,1,1,1,1,1,1,1,1,1,1,0,0,0,0,1,0,0,0,0,1,0,0,1,1,0,0,1,0,0,1,1,0,1,1,1,0,0,1,1,0,1,1,0,1,0,1,1,1,1,0,0,0,0,1,0,0,0,0,1,0,1,0,1,0,0,1,1,0,0,1,0,0,1,0,0,0,1,0,0,1,1,1,1,0,1,0,0,0,1,1,0,1,0,1,1,0,0,1,0,1,1,0,1,1,0,0,1,1,1,1
corona2_noise_005,1,1,0,0,0,1,1,0,0,0,0,1,0,0,0,1,1,0,0,0,0,0,0,0,1,1,0,0,1,0,0,0,0,0,1,0,1,0,0,1,0,0,1,1,1,0,0,1,0,0,0,1,0,0,1,0,1,1,1,0,1,0,0,0,0,0,1,0,0,0,1,0,1,0,1,0,0,0,0,1,0,1,1,0,0,1,0,0,0,0,0,0,0,0,0,0,0,1,1,0,0,0,1,0,1,0,0,1,1,0,0,0,0,0,1,1,1,1,0,0,0,1,1,0,0,1,0,0,0,0,0,0,0,0,1,1,1,1,1,1,0,0,1,0,1,1,0,0,0,0,1,0,1,1,0,1,0,0,1,0,1,1,1,0,0,0,0,0,0,0,1,1,0,0,1,0,1,0,1,0,0,0,0,0,1,1,0,0,1,0,0,0,0,0,0,1,1,1,1,0,0,1,0,1,0,1,0,1,0,1,0,1,1,0,0,1,0,0,0,1,1,0,1,1,1,0,1,1,0,1,0,0,0,1,1,0,0,1,0,0
agilent_noise_006,0,0,0,0,0,1,1,0,1,0,0,0,1,0,1,0,0,1,0,0,0,0,1,1,0,0,0,0,1,1,0,0,0,0,0,0,0,1,0,1,0,1,0,1,0,1,0,1,0,1,0,1,0,0,1,0,0,0,0,0,0,1,0,0,0,0,0,0,0,0,1,0,0,1,0,1,0,1,1,1,0,1,1,1,1,0,1,0,1,1,0,0,0,0,0,0,0,1,0,1,0,0,1,0,0,0,1,0,0,1,0,0,0,0,1,0,1,0,0,0,1,0,1,0,1,0,1,1,0,0,1,0,0,0,1,0,0,0,1,0,0,0,0,0,0,1,0,0,1,0,0,0,0,0,1,0,0,1,0,0,1,1,0,0,0,0,1,0,0,1,0,0,0,0,0,0,0,0,0,1,0,0,1,0,0,0,1,0,0,0,0,1,0,0,0,0,0,0,0,0,0,0,1,1,0,1,1,0,0,0,0,1,0,0,0,0,0,1,1,0,0,1,0,0,0,1,0,0,0,0,1,0,1,1,0,0,0,0,0,0
twist_noise_007,0,0,0,0,0,1,0,1,0,0,0,0,1,1,0,0,0,0,1,0,0,0,0,0,1,1,1,1,0,0,1,1,0,1,0,1,0,0,1,0,0,1,1,1,0,1,0,1,1,0,0,0,0,0,0,0,0,0,0,1,0,1,1,0,0,0,1,0,0,0,0,1,0,0,1,1,1,1,0,0,1,1,1,0,0,0,1,0,1,1,1,1,1,0,0,0,1,0,1,0,0,0,0,1,0,1,1,0,0,0,0,0,1,0,1,0,0,0,1,0,0,1,0,0,0,0,1,0,0,1,0,0,1,1,0,1,1,0,0,0,1,0,1,0,1,0,1,1,0,0,1,0,1,1,0,0,0,1,0,1,1,0,0,0,0,0,0,1,0,0,0,0,0,0,0,1,1,0,1,1,0,0,0,0,1,0,0,0,0,0,0,0,0,1,0,1,0,0,1,1,0,0,1,0,1,0,0,0,0,1,0,0,0,0,0,0,0,0,1,0,1,0,0,0,0,1,1,0,0,1,0,0,0,0,1,0,0,0,1,0
corona2_noise_008,1,0,1,1,1,0,1,1,1,1,1,0,0,0,0,1,0,1,0,1,1,0,1,0,1,1,1,1,0,1,1,0,1,1,1,1,0,0,1,1,1,0,1,0,1,1,1,1,0,0,1,1,1,1,0,1,0,0,1,0,0,1,1,1,1,1,1,1,0,0,1,1,1,0,1,1,0,0,0,0,0,1,1,1,0,1,0,1,0,1,1,1,1,1,1,0,1,1,1,1,0,0,0,1,1,1,1,1,0,0,1,0,1,0,0,0,0,0,0,1,0,0,0,0,0,0,1,0,1,0,0,0,1,0,1,0,0,0,0,0,0,0,0,0,1,1,0,1,0,0,0,1,0,0,1,1,0,1,0,1,1,0,0,0,1,0,0,0,0,0,1,1,0,1,0,0,1,1,1,0,0,1,1,1,0,0,1,0,1,1,1,0,1,1,1,1,1,0,0,1,1,0,1,1,0,1,0,0,0,0,0,1,1,0,0,1,1,0,0,1,0,0,1,0,1,1,1,1,0,0,0,0,1,0,1,0,0,0,0,0
agilent_noise_009,1,0,0,0,0,0,0,0,0,1,0,1,0,1,0,0,1,0,1,0,0,0,0,1,0,0,0,0,0,1,0,0,0,1,0,1,0,0,0,0,1,0,0,0,0,0,1,0,0,1,1,0,0,0,0,0,0,0,0,0,1,0,0,1,1,0,1,0,0,0,0,0,1,1,1,1,1,0,0,1,0,0,0,0,1,1,1,0,0,0,0,0,0,0,0,1,1,1,0,0,1,0,1,1,1,1,0,0,0,1,0,0,1,0,0,1,0,0,1,0,0,0,0,0,0,1,1,0,1,0,1,0,1,0,1,0,0,0,0,0,0,0,0,1,0,0,0,0,0,0,1,0,0,0,0,1,1,1,1,1,1,0,0,0,0,0,1,1,0,0,1,0,1,1,1,0,0,0,0,0,1,1,1,0,1,0,0,1,1,0,0,0,0,0,0,1,1,1,0,0,0,0,1,0,1,0,1,0,0,1,0,0,0,0,0,1,1,1,0,0,0,0,1,0,0,0,0,0,0,1,0,0,0,1,1,0,0,1,1,0
twist_noise_010,0,0,1,1,0,0,0,0,1,0,0,0,0,0,0,0,0,0,0,0,1,1,0,1,0,0,1,0,0,1,1,0,0,0,0,0,0,0,1,0,0,1,0,0,0,0,1,0,0,1,0,0,1,1,0,0,0,0,0,0,0,0,0,0,0,1,0,0,1,0,0,0,0,0,0,0,0,0,0,1,0,0,1,0,1,0,1,0,0,1,1,1,0,0,0,0,0,0,0,0,0,0,1,0,0,0,0,0,0,0,1,0,0,0,0,0,0,1,0,0,0,0,0,0,0,0,0,0,0,0,1,0,0,0,0,0,1,0,1,0,0,0,0,1,0,0,1,0,0,0,0,1,0,0,0,0,0,0,1,0,0,0,1,0,0,1,0,0,0,1,0,1,0,0,1,1,0,0,0,0,0,1,0,0,0,0,0,0,0,0,0,1,0,1,0,1,1,0,0,0,0,0,1,0,0,0,0,0,1,0,0,0,1,0,0,1,1,0,0,0,0,1,0,0,1,0,1,0,1,0,0,0,0,0,1,0,0,1,0,0
corona2_noise_011,0,0,0,0,1,0,0,1,1,1,0,0,1,1,1,0,1,1,1,0,1,0,0,0,1,0,0,1,0,0,0,1,0,0,1,0,0,0,0,0,1,0,1,0,1,1,1,0,0,1,0,1,0,0,0,0,0,1,0,0,1,0,0,0,0,0,0,1,1,0,1,1,0,0,1,1,0,0,0,0,0,1,1,0,1,1,0,0,0,0,0,1,0,0,1,1,0,1,0,1,0,1,1,1,0,1,1,0,0,0,0,1,0,0,1,1,1,0,1,1,1,0,1,1,0,0,0,0,0,0,0,1,1,0,0,0,1,0,0,1,0,0,0,1,0,0,0,0,0,0,0,0,0,0,1,0,1,0,0,0,0,0,0,0,0,1,1,0,0,0,0,1,0,0,1,0,1,0,1,0,0,0,1,0,0,0,0,0,1,1,0,0,1,0,1,1,1,1,0,0,0,1,1,0,0,0,0,0,1,1,0,1,0,1,0,1,1,0,0,0,0,0,0,1,1,0,0,1,1,0,1,0,0,0,1,1,0,0,0,0
agilent_noise_012,0,0,0,1,0,1,1,1,0,0,0,0,0,0,0,0,1,1,0,0,0,1,0,1,0,0,0,0,1,0,0,1,1,0,0,0,0,0,0,0,0,0,1,0,0,0,0,0,0,0,0,1,0,0,0,0,0,1,1,1,0,1,0,0,0,0,0,0,0,0,0,0,0,0,1,0,1,0,0,0,0,0,0,0,0,0,0,1,0,0,0,0,0,0,1,0,0,1,1,0,0,0,0,1,0,0,0,0,0,1,0,0,0,0,0,0,1,0,0,0,0,0,0,0,0,0,0,1,1,0,1,0,1,0,0,0,1,0,0,1,0,1,1,0,0,0,0,0,0,0,0,0,0,0,0,0,0,1,0,0,1,0,0,1,0,0,0,0,0,1,1,0,0,0,0,0,0,0,1,1,0,1,0,1,0,0,0,0,0,0,0,0,0,0,0,0,0,1,0,0,0,0,1,0,1,0,0,0,0,0,0,1,1,1,1,0,0,0,0,1,0,0,0,0,1,1,1,0,0,0,1,1,0,0,0,0,1,0,0,0
twist_noise_013,0,0,0,0,0,1,1,1,0,0,0,1,1,0,0,1,0,1,1,0,1,0,1,0,0,0,0,1,1,0,0,0,0,0,0,0,0,0,1,1,0,0,1,0,0,1,1,0,1,0,1,0,0,0,0,0,0,1,0,0,0,1,1,1,0,1,0,0,0,0,1,1,1,0,1,0,1,0,0,1,1,0,1,1,1,0,0,1,0,0,1,0,1,0,0,1,1,0,0,0,0,0,0,1,1,1,1,1,0,0,0,0,0,0,1,1,1,0,1,1,1,0,0,0,0,0,1,0,0,0,1,0,1,1,0,0,1,0,0,0,0,0,0,0,1,0,0,0,1,0,0,0,0,0,1,0,0,0,0,0,1,0,0,0,0,0,0,0,0,0,0,1,0,1,0,0,1,1,1,0,0,0,0,0,0,0,1,0,0,0,0,1,0,1,0,1,1,1,0,0,0,1,0,1,1,0,0,0,0,0,0,0,1,0,0,0,0,0,0,0,0,0,0,0,1,0,0,0,1,1,0,1,1,0,0,1,0,0,0,0
corona2_noise_014,0,0,1,0,1,0,1,0,0,0,1,0,0,0,0,0,0,1,1,0,0,0,0,0,1,0,0,0,0,0,0,0,0,1,0,1,0,0,0,0,0,0,0,0,0,1,1,0,1,0,1,1,1,0,0,1,0,0,0,0,0,0,1,0,0,0,0,0,0,0,0,0,0,0,1,0,1,1,1,0,0,0,0,1,0,0,0,1,1,0,0,0,0,0,0,0,1,1,1,1,1,0,0,0,0,0,0,0,1,0,0,1,0,0,0,0,0,1,0,0,0,1,0,1,0,0,0,0,0,0,0,0,0,0,0,0,0,1,0,0,0,0,0,0,0,0,0,0,0,0,0,0,0,0,0,0,0,0,0,0,0,0,1,0,0,0,0,1,0,0,0,0,0,0,1,0,0,0,0,0,0,0,0,0,0,0,0,0,0,0,0,0,0,0,0,0,0,0,0,0,0,0,1,0,0,1,0,1,0,1,1,0,0,0,1,0,0,0,0,0,0,1,0,0,0,0,0,1,0,0,0,1,0,0,0,0,0,0,0,0
agilent_noise_015,0,1,0,1,1,1,1,0,0,1,0,1,1,0,0,0,1,1,0,1,1,1,1,0,1,0,1,0,1,1,1,1,1,1,0,1,1,0,1,1,1,0,0,1,1,1,0,1,0,1,1,0,1,0,0,1,1,1,1,1,1,1,1,1,0,1,0,1,0,0,0,0,1,1,1,1,1,1,0,1,0,0,0,1,1,1,1,0,1,1,1,0,0,1,1,1,0,1,1,0,1,0,0,1,0,0,0,1,1,0,1,0,1,0,0,0,1,1,1,0,0,1,1,0,0,1,1,1,0,1,0,1,0,1,1,1,0,0,0,1,1,0,0,0,1,1,1,0,0,0,1,0,0,1,1,0,0,0,1,0,1,0,0,0,0,0,0,0,1,1,1,0,0,1,1,0,1,1,0,1,1,1,1,0,1,1,0,1,1,1,1,1,1,0,0,0,0,1,1,1,0,0,0,1,1,1,0,0,1,1,1,0,1,1,1,0,1,1,1,0,1,0,1,0,0,0,0,0,1,0,1,0,0,1,1,1,0,0,1,1
twist_noise_016,0,0,1,1,0,1,0,0,0,1,1,0,0,0,0,1,0,0,0,0,1,0,0,1,0,1,0,0,0,1,1,0,0,0,0,0,1,1,1,0,0,0,0,1,0,1,0,1,0,0,0,0,0,0,1,0,0,0,0,0,1,0,0,0,0,0,1,0,0,0,0,0,0,0,0,0,0,0,0,0,0,0,0,1,0,0,1,1,1,1,1,0,0,0,1,1,0,0,1,1,1,0,0,1,0,0,0,0,0,0,1,0,0,1,1,0,0,1,1,0,0,1,0,1,0,0,0,0,0,0,1,0,0,1,0,0,1,0,0,0,1,0,1,0,1,1,0,0,0,1,0,0,0,1,0,0,0,0,1,1,1,0,1,0,1,0,0,0,1,0,0,0,0,0,1,0,0,1,0,0,0,0,1,0,0,0,0,1,0,0,0,1,1,0,0,0,0,0,1,0,1,0,0,1,1,0,1,1,0,0,0,0,0,0,1,1,1,0,0,0,0,0,0,0,1,1,0,1,0,0,0,0,0,0,1,1,0,0,0,0
corona2_noise_017,0,0,0,1,0,0,0,1,1,0,0,0,0,0,0,0,0,1,1,0,1,1,0,0,1,1,0,0,0,0,1,1,0,1,1,0,0,0,0,0,0,0,0,0,0,1,1,1,1,0,1,0,0,0,0,1,0,1,0,0,0,0,1,0,1,0,1,0,0,0,0,0,1,0,0,0,0,0,0,0,0,0,0,0,0,0,0,1,0,0,1,0,0,0,0,0,0,0,0,0,1,1,0,1,0,0,0,1,0,0,0,0,0,0,1,0,0,1,0,0,0,0,0,0,0,0,0,1,0,0,0,0,0,0,0,1,0,1,1,0,1,1,0,1,0,0,0,0,1,0,0,0,0,0,0,0,0,0,0,0,0,1,0,0,1,0,0,0,0,0,0,1,0,0,0,0,0,1,0,0,0,0,0,0,0,0,0,0,0,0,1,1,1,0,0,0,0,0,0,0,0,1,0,0,1,0,0,0,0,0,0,0,0,0,0,0,1,0,0,1,1,0,0,0,0,0,0,1,0,1,0,0,0,1,1,0,1,0,0,0
agilent_noise_018,0,1,1,0,0,0,0,0,1,1,0,0,0,0,1,1,0,1,0,0,0,1,0,0,0,1,1,0,1,1,1,0,0,1,1,0,1,1,1,0,0,0,1,1,1,0,0,0,0,0,1,0,1,0,1,0,1,0,1,1,0,1,0,0,1,1,1,0,0,1,1,0,0,1,0,0,0,0,1,0,0,1,0,0,1,0,0,0,1,1,0,0,1,1,1,0,1,1,1,0,0,1,1,1,0,0,1,0,0,1,1,0,1,0,1,0,1,0,0,1,1,0,0,1,0,1,1,0,0,0,0,1,0,1,0,1,1,0,0,1,0,0,0,1,0,0,0,0,0,1,1,1,0,0,0,1,1,1,0,1,0,1,0,1,1,1,0,0,1,1,1,1,0,0,0,0,0,1,1,1,1,0,0,1,0,0,1,1,1,0,0,0,1,0,0,0,1,1,0,1,1,1,1,0,0,0,0,0,1,0,1,0,0,0,1,1,0,0,0,1,0,0,0,0,1,1,1,0,1,0,1,1,0,1,0,0,0,1,0,1
twist_noise_019,0,0,0,1,0,0,1,0,0,0,0,0,0,0,0,1,1,1,1,0,1,0,1,0,1,0,0,1,0,0,0,0,0,0,0,1,0,0,0,0,0,1,0,1,0,0,0,0,0,1,1,0,0,1,0,0,0,0,0,0,0,0,0,0,0,0,0,0,0,1,0,1,0,0,0,0,0,1,1,0,0,1,0,0,0,0,0,0,0,0,0,0,1,0,0,0,0,0,0,0,0,1,0,0,0,0,0,0,0,1,1,0,1,0,0,0,1,0,0,0,1,0,0,0,0,0,1,0,0,0,1,0,0,0,0,0,0,0,0,1,0,0,0,1,0,0,1,0,0,0,0,0,0,0,0,0,0,0,0,0,0,0,0,1,0,1,1,0,0,0,0,0,0,0,0,0,0,0,0,0,0,0,0,0,0,0,0,0,0,1,0,0,1,0,0,0,0,0,0,1,0,0,0,0,0,0,0,1,0,0,0,0,0,0,0,0,0,0,0,0,0,0,0,0,0,0,0,1,0,0,1,1,0,0,0,0,0,0,0,0
corona2_noise_020,0,0,0,0,0,0,0,0,0,0,0,0,0,0,0,0,0,0,0,0,0,0,0,0,1,0,0,0,0,0,0,0,1,0,1,1,0,0,1,0,0,0,0,0,1,0,0,1,0,0,0,0,0,0,1,0,0,0,0,1,0,0,0,0,1,0,0,0,0,0,0,0,0,0,0,1,1,0,1,0,0,0,0,0,0,0,0,0,0,1,0,0,1,1,0,0,0,0,0,0,0,0,0,1,1,0,0,0,0,0,0,0,1,0,1,0,0,0,0,0,0,0,0,0,1,0,0,0,0,0,0,0,0,0,0,1,0,0,0,0,0,0,0,0,0,0,0,0,0,0,0,0,0,0,0,0,0,1,0,0,1,0,0,0,0,0,1,1,0,0,0,0,0,0,0,1,0,0,0,0,0,0,0,0,1,0,0,0,0,0,0,1,1,1,0,0,0,0,0,0,0,0,0,0,0,0,0,0,1,0,1,0,0,0,0,0,0,0,0,1,0,0,0,1,0,0,0,0,0,0,0,0,0,0,0,0,0,0,0,0
agilent_noise_021,0,1,1,0,0,0,0,0,0,0,1,0,0,0,0,0,1,0,0,0,0,0,0,0,0,1,1,0,0,0,1,0,0,0,0,0,0,1,1,0,1,0,0,0,0,0,0,0,1,0,0,0,0,0,0,1,0,0,0,0,0,0,0,0,0,0,1,0,1,0,0,0,0,0,0,1,0,0,0,0,0,0,0,0,0,0,0,0,1,1,0,0,0,0,0,0,0,0,0,0,1,0,0,0,0,0,0,0,0,0,1,0,0,1,1,1,0,1,0,0,1,0,0,1,0,0,0,0,0,0,0,1,0,0,0,0,0,0,0,0,0,0,0,0,1,0,0,0,0,0,0,0,1,0,1,0,0,0,1,0,0,0,1,0,0,0,0,0,1,1,1,0,1,0,0,0,0,0,1,0,0,0,0,0,0,0,0,0,1,0,1,1,0,1,0,1,1,0,0,0,0,0,1,0,1,0,1,1,0,0,0,0,0,0,0,0,0,0,0,1,1,0,0,0,0,0,1,0,0,1,1,1,1,0,0,0,0,0,0,1
twist_noise_022,0,0,0,0,0,0,0,0,0,0,1,0,0,0,1,0,0,0,1,0,0,0,0,0,0,0,0,0,1,0,1,1,0,1,0,0,0,0,0,0,0,0,0,0,0,1,0,1,0,0,0,0,0,0,0,0,0,0,0,0,0,0,0,0,0,0,0,0,0,0,0,0,0,0,0,0,0,1,0,1,0,0,0,1,0,1,0,0,0,0,0,0,0,1,0,0,0,0,0,0,0,0,1,0,0,0,0,0,0,1,0,0,0,0,0,0,0,0,0,0,1,0,0,0,0,1,0,0,0,0,0,0,1,1,0,0,0,0,0,1,0,0,0,0,0,1,0,0,0,0,0,0,1,0,0,0,0,0,0,0,0,0,0,0,1,0,0,0,0,0,0,0,0,1,0,0,0,0,0,1,0,1,0,0,0,0,0,0,0,0,0,0,0,0,0,0,1,0,0,0,0,0,0,0,1,0,0,0,0,0,0,0,1,0,0,0,0,0,1,1,0,0,0,0,0,0,1,0,0,0,0,0,0,1,0,0,0,0,0,0
corona2_noise_023,1,0,1,1,1,0,0,0,0,1,1,0,0,0,1,0,1,0,0,0,0,0,0,0,0,0,1,0,0,1,1,0,1,0,0,1,0,1,1,1,0,1,0,0,0,1,1,0,1,0,0,0,0,0,1,0,0,0,0,0,1,1,1,0,0,0,0,0,0,0,0,0,0,0,1,0,0,0,0,0,0,0,0,1,0,1,0,1,0,1,0,0,0,0,0,1,0,0,0,0,0,0,0,0,0,0,0,0,0,0,1,0,0,0,0,0,0,0,0,1,0,0,0,0,0,0,0,0,0,0,0,1,0,0,0,1,0,0,1,1,0,0,1,1,0,0,1,0,0,0,1,0,0,0,0,0,0,0,0,1,1,0,1,0,1,1,1,0,0,0,0,1,0,1,0,1,0,0,0,1,0,0,1,0,0,1,0,0,0,1,0,0,0,0,0,0,0,1,0,0,1,1,0,1,1,0,0,1,1,0,0,1,0,1,1,1,0,0,0,0,0,1,0,0,0,0,0,0,0,0,0,0,0,0,0,1,0,0,0,0
agilent_noise_024,0,0,1,0,0,0,1,0,0,0,0,0,0,1,0,0,1,0,0,0,0,0,1,0,0,0,0,0,0,0,0,0,0,1,0,0,0,0,0,0,0,0,1,0,1,0,0,0,0,1,1,0,0,0,0,0,0,0,0,0,1,0,0,1,0,0,0,0,0,0,0,0,1,0,1,0,0,0,0,1,0,0,0,0,0,0,0,0,0,0,0,0,1,1,1,0,0,0,0,0,0,0,0,1,0,0,0,1,1,0,0,0,0,1,0,0,0,0,0,0,0,0,0,1,0,0,0,0,0,0,0,0,1,0,0,0,0,0,0,1,0,0,0,1,0,0,0,0,0,1,0,0,1,0,0,0,1,0,1,1,0,0,0,0,0,0,0,0,0,1,1,0,0,0,0,0,1,0,1,0,0,0,0,0,1,0,0,0,0,0,0,1,0,1,0,0,0,0,0,0,0,0,0,0,0,1,1,0,0,0,1,0,1,0,1,0,0,0,0,0,0,0,0,0,0,0,0,0,0,0,0,1,0,0,1,0,0,1,0,0
twist_noise_025,0,0,0,0,0,0,0,0,0,0,0,0,0,0,0,0,0,0,0,0,0,1,0,0,0,0,1,0,1,0,0,0,1,0,1,0,0,1,0,0,1,0,0,1,0,0,0,0,0,0,1,0,0,1,0,1,0,0,0,0,1,0,0,0,0,1,0,0,0,1,0,1,0,0,1,0,0,1,0,1,0,0,1,0,1,0,0,0,0,0,0,0,0,0,0,0,0,0,0,0,0,0,0,0,0,0,0,0,0,0,1,0,0,0,0,0,0,0,1,1,0,0,0,1,0,0,1,0,1,0,0,0,1,0,0,0,0,0,1,1,0,0,0,1,1,0,0,0,0,0,0,0,0,0,0,0,1,0,0,0,1,0,1,1,1,1,0,0,0,1,0,0,0,0,0,0,0,0,0,1,0,0,0,0,0,0,0,0,0,0,1,0,0,0,0,0,0,0,0,1,0,1,0,1,0,0,0,1,0,1,0,0,0,0,0,0,0,1,1,1,0,0,0,0,1,0,0,0,0,0,0,0,1,0,0,0,0,1,1,1
corona2_noise_026,1,1,0,0,1,1,1,1,1,1,0,0,0,1,0,0,0,1,1,1,1,0,1,1,1,1,0,0,0,0,0,0,1,0,1,1,1,1,0,0,0,1,1,0,1,1,0,0,0,0,1,0,0,1,1,1,0,1,0,0,1,1,1,1,1,1,0,0,1,1,0,1,1,1,0,1,1,0,1,1,1,1,1,1,0,0,1,1,1,1,0,0,0,1,1,0,0,0,1,1,1,1,1,0,1,0,0,1,0,0,0,1,0,1,0,0,0,0,1,1,1,1,1,1,0,1,1,0,1,0,0,1,0,0,1,1,1,1,1,0,0,1,0,0,1,1,1,1,0,0,0,0,0,1,0,1,1,0,1,1,1,0,0,1,0,0,1,1,0,0,0,1,1,0,0,0,1,0,1,0,1,1,1,1,1,0,0,0,0,0,0,0,1,0,0,0,1,1,0,1,0,0,1,1,1,0,1,0,0,1,1,0,0,0,1,1,1,1,1,1,1,0,0,0,0,1,1,1,0,0,0,1,1,1,1,1,1,1,1,0
agilent_noise_027,0,0,0,1,0,0,1,0,0,0,0,1,0,0,0,0,1,1,0,0,0,0,0,0,1,0,1,0,0,0,0,0,1,0,0,0,0,1,0,0,0,1,0,1,0,0,0,0,1,0,0,0,1,0,0,0,0,0,0,0,0,0,0,0,1,0,0,0,0,0,1,0,0,0,0,0,0,0,0,0,0,0,0,0,1,0,0,1,1,0,1,0,1,0,0,0,0,0,1,1,1,1,1,0,1,0,0,1,0,0,1,0,1,1,1,0,0,0,0,0,0,1,1,0,0,0,1,0,0,1,0,0,1,1,0,0,1,1,0,0,0,0,0,0,0,1,0,1,0,0,0,1,0,0,0,0,0,0,0,1,1,0,0,0,1,0,0,1,0,0,0,1,0,0,1,0,1,0,0,0,0,0,0,1,0,1,0,0,0,0,1,0,0,0,1,1,0,0,0,1,0,1,0,1,0,0,0,0,0,0,1,1,0,0,1,0,0,1,0,0,0,1,0,0,0,1,0,1,1,0,0,1,1,0,1,0,1,1,0,1
twist_noise_028,0,0,0,0,1,0,1,0,1,1,0,0,0,0,0,0,0,0,1,0,0,1,0,1,0,0,1,0,0,0,0,1,0,0,0,0,0,1,0,0,0,0,0,0,1,0,0,1,0,0,0,0,0,0,1,1,0,1,1,0,0,1,1,0,0,0,0,1,0,0,0,1,0,0,1,1,0,0,0,0,0,0,0,1,1,0,0,0,1,0,1,1,0,1,0,0,1,1,0,1,1,1,0,0,0,0,0,0,0,0,0,0,0,0,0,1,0,0,0,0,0,1,0,0,1,0,0,0,0,0,0,0,0,0,0,0,0,0,0,1,0,1,0,1,0,0,0,0,1,0,1,1,0,0,1,0,0,0,0,0,0,0,0,0,0,0,1,1,0,0,0,0,1,0,0,1,0,0,0,1,1,0,0,0,0,0,0,0,1,0,0,0,1,1,0,1,0,0,0,1,0,0,0,0,0,0,0,0,0,0,0,0,0,1,0,0,0,0,0,0,1,0,0,0,1,0,1,0,0,0,0,1,1,0,1,0,0,1,1,0
corona2_noise_029,0,0,0,0,1,0,1,0,1,0,1,1,0,1,1,0,1,1,1,1,1,0,0,1,1,1,1,0,1,0,0,0,0,0,1,0,1,0,0,0,0,0,1,1,1,0,0,0,1,0,0,0,1,1,0,0,0,1,0,0,0,0,1,1,0,0,0,0,0,1,0,0,1,1,1,1,0,0,0,1,0,1,0,1,0,0,1,0,0,0,0,0,0,1,1,0,0,1,1,0,1,0,1,0,0,1,1,0,0,0,0,0,1,0,0,0,1,0,1,1,0,0,0,0,1,1,1,1,1,0,1,0,0,0,1,0,1,0,0,0,0,0,0,0,0,1,1,1,0,1,1,0,1,0,0,1,0,1,0,1,0,0,0,0,0,0,1,1,0,1,0,0,1,1,0,1,0,0,1,1,0,0,0,0,0,0,0,0,1,0,1,1,1,0,0,1,0,1,1,1,0,0,1,0,0,1,0,1,0,0,0,0,0,1,0,0,0,1,0,1,0,0,0,0,0,1,1,0,1,1,1,0,0,1,0,1,1,1,0,1
agilent_noise_030,1,0,1,0,0,0,0,0,0,0,0,1,0,0,0,0,1,1,1,0,1,1,0,0,1,0,0,0,0,0,1,0,0,0,0,0,1,0,0,0,1,1,0,0,1,1,1,0,1,0,0,0,0,0,1,0,0,0,1,1,1,0,1,0,1,0,0,1,1,1,0,1,0,1,1,0,1,1,0,0,1,0,1,1,1,1,1,0,0,1,0,0,1,0,0,0,0,1,1,0,1,0,0,0,0,0,0,0,0,0,0,0,0,1,0,1,0,1,0,0,0,1,0,0,0,0,0,1,0,0,0,0,1,0,1,1,0,1,0,1,0,0,1,0,0,1,1,1,0,1,0,1,0,1,0,1,1,0,0,1,0,0,0,0,0,0,0,1,1,0,1,0,0,0,1,0,0,0,0,0,0,0,0,0,1,0,1,1,0,1,0,0,0,1,1,0,0,1,0,1,1,0,0,0,0,0,0,0,0,0,0,0,0,1,1,0,1,1,0,0,0,0,1,0,1,0,0,0,0,0,0,1,0,0,1,1,0,0,0,1
twist_noise_031,0,1,0,1,1,0,0,0,0,0,1,0,0,0,0,0,0,1,0,0,1,0,0,0,0,1,1,0,1,0,1,0,0,1,1,1,1,0,1,0,0,0,0,0,1,1,0,0,1,0,1,0,0,1,0,1,0,1,0,1,1,1,0,0,0,1,1,1,1,0,0,1,1,0,0,0,1,0,1,1,1,0,1,1,0,0,0,1,0,0,0,1,0,0,1,0,0,0,0,1,1,0,0,0,0,0,1,0,1,0,1,1,1,0,0,1,0,1,1,0,0,1,1,0,0,0,1,0,1,1,0,1,0,0,0,1,1,0,1,0,1,1,1,1,1,0,1,0,0,1,1,0,1,1,1,0,0,1,0,0,0,0,1,1,0,1,0,0,0,0,0,0,0,0,0,1,0,0,0,0,0,0,1,0,0,0,0,1,1,1,0,0,0,1,1,0,1,0,1,1,0,0,1,1,0,0,0,1,1,0,0,0,0,0,0,1,1,0,0,0,0,0,0,1,0,1,0,0,0,0,0,0,1,0,1,1,1,0,1,0
corona2_noise_032,0,0,0,0,0,0,0,0,0,0,0,0,0,0,0,0,0,0,0,0,0,0,0,0,0,1,0,0,0,0,0,0,0,0,0,0,0,0,1,0,0,0,0,0,0,1,0,0,0,1,1,0,0,0,0,0,1,0,0,0,0,1,0,0,0,1,0,0,0,1,1,1,0,0,1,0,0,1,0,0,1,0,1,0,0,1,1,0,0,0,1,0,1,1,0,1,0,1,1,0,0,0,0,1,0,0,0,0,0,1,1,0,0,1,0,0,1,0,0,1,0,0,0,0,0,0,0,1,0,0,0,0,1,0,0,1,0,0,0,0,1,0,1,1,0,0,0,0,0,1,1,0,0,1,0,0,0,0,0,0,0,1,0,0,0,0,0,0,1,0,0,0,1,1,0,0,0,1,0,0,0,0,0,0,0,1,0,0,0,0,0,1,0,0,0,1,0,0,0,0,0,1,0,0,0,0,0,0,0,0,0,1,0,0,0,0,1,0,0,1,0,0,0,0,1,0,0,0,0,0,1,1,0,0,0,1,0,0,0,0
agilent_noise_033,0,0,1,0,1,1,0,0,0,0,0,1,0,1,0,0,1,1,0,1,0,0,1,1,0,1,0,0,1,0,0,0,1,1,0,0,0,0,0,0,0,0,0,1,1,0,0,0,0,0,0,0,0,0,0,0,0,0,1,0,0,1,0,1,0,1,0,0,1,0,0,0,1,0,0,0,0,0,0,0,0,0,0,0,0,0,0,1,0,0,0,0,1,0,0,0,1,1,1,0,1,0,0,0,0,0,0,0,1,0,0,1,0,0,0,0,0,0,0,1,0,0,1,1,0,0,0,0,0,0,0,0,1,0,0,0,0,0,0,0,0,1,0,0,1,0,0,0,0,0,0,0,1,0,1,0,1,0,0,0,0,0,0,0,0,0,0,0,1,0,0,0,0,0,0,0,0,1,0,0,0,0,0,0,0,0,1,0,1,0,0,0,0,0,0,0,0,0,0,0,0,1,0,0,1,0,0,0,0,1,0,0,0,1,0,1,0,0,0,0,0,0,0,0,0,0,1,0,0,0,0,0,0,0,0,1,0,1,0,0
twist_noise_034,0,0,1,0,0,0,0,1,0,0,0,0,0,0,0,0,0,0,0,0,0,1,1,1,1,1,0,0,0,0,1,0,0,0,1,0,0,0,0,0,0,0,0,0,1,0,0,0,0,0,1,1,0,0,0,1,0,0,0,0,0,1,1,0,0,0,0,0,1,1,0,1,0,0,0,1,0,1,1,0,1,0,1,0,0,1,0,0,0,0,1,1,0,0,0,0,0,0,0,0,1,1,0,1,0,0,0,1,1,1,0,1,1,1,0,0,0,0,0,0,0,0,0,1,0,0,0,0,1,0,0,1,0,0,0,0,1,0,1,0,1,0,0,1,0,0,1,1,0,0,0,0,0,0,1,0,1,0,0,0,0,1,0,0,0,0,1,0,1,0,1,1,0,0,0,0,0,1,0,1,0,0,0,1,0,0,1,0,0,0,0,1,1,0,0,0,1,0,0,0,1,0,0,1,0,1,0,0,1,1,0,0,1,1,0,0,1,0,0,0,0,0,1,0,0,0,0,1,1,0,0,0,0,0,0,0,1,0,0,0
corona2_noise_035,1,1,0,0,1,0,1,1,0,0,1,0,0,1,0,1,0,1,1,0,1,1,0,0,1,0,1,0,1,0,1,1,1,0,1,0,1,0,1,1,1,0,0,1,1,0,1,0,1,0,0,0,1,0,0,1,0,0,1,1,0,1,1,0,0,0,1,0,1,1,0,1,1,1,0,1,0,0,0,0,1,0,1,1,1,1,1,1,0,1,1,1,1,1,1,1,0,1,0,0,0,0,0,0,0,1,0,1,0,0,1,1,0,1,1,1,0,1,0,0,0,0,0,1,1,1,0,1,1,1,0,0,1,0,0,0,0,0,0,0,0,1,1,0,0,0,1,0,0,1,1,0,1,0,0,0,0,1,0,0,0,1,1,1,1,0,0,1,1,0,1,0,1,1,1,0,1,0,1,1,0,1,0,0,0,0,0,0,1,1,1,1,0,0,0,0,0,0,1,0,1,0,1,1,0,1,0,0,0,1,1,0,0,1,1,1,0,0,1,1,0,1,1,1,0,1,1,1,1,0,0,0,0,0,0,0,1,1,1,0
agilent_noise_036,1,0,0,1,1,0,1,1,0,0,1,0,0,1,1,1,0,1,0,0,0,0,1,1,0,0,0,1,1,0,0,1,1,0,1,0,0,0,0,0,1,0,1,0,1,1,0,1,0,0,1,0,0,0,1,1,0,0,0,0,0,0,1,1,0,1,1,0,0,0,0,1,1,1,0,1,0,0,0,1,0,0,1,1,0,1,1,1,0,1,1,0,1,0,0,1,0,1,0,0,0,0,0,0,1,1,0,1,1,1,0,1,1,1,1,0,0,0,0,1,0,1,0,0,1,0,1,1,1,0,0,0,1,0,1,1,0,0,0,1,1,1,1,0,1,0,1,0,1,0,0,1,1,0,0,0,0,0,1,1,1,0,1,0,0,1,0,0,0,0,0,1,0,1,1,1,0,0,0,0,0,1,1,0,0,1,0,0,0,1,1,1,0,0,0,1,0,1,0,0,1,0,0,1,0,1,1,0,0,0,0,0,0,0,0,0,0,0,1,1,0,0,0,0,1,0,1,1,0,1,1,1,1,1,0,0,1,1,1,0
twist_noise_037,1,0,0,0,0,0,0,0,1,0,0,0,0,0,1,0,0,0,0,0,0,1,0,0,1,0,1,0,1,0,0,1,1,0,0,0,1,0,0,0,0,0,0,0,1,1,0,1,0,0,1,0,0,0,0,0,0,0,0,0,1,1,1,0,0,1,0,0,1,0,1,0,0,1,0,0,0,0,0,0,0,0,0,0,1,1,0,1,0,1,1,0,1,1,1,0,0,0,0,1,0,0,0,0,1,0,0,1,0,1,1,0,0,1,0,0,1,0,1,0,1,0,0,0,0,0,1,0,1,1,1,1,1,0,0,0,0,1,1,0,0,1,1,0,1,0,0,1,0,0,0,1,1,0,1,0,0,0,0,0,1,1,1,0,1,1,0,0,0,0,0,1,0,1,1,0,0,0,0,0,0,0,0,1,0,1,0,0,0,0,0,0,0,0,0,0,0,0,0,0,0,0,0,1,1,0,0,0,0,0,0,0,0,0,0,0,0,0,0,0,1,0,1,0,0,0,0,0,1,0,1,0,0,0,0,0,0,0,0,0
corona2_noise_038,0,0,0,0,1,1,1,0,0,0,1,0,0,1,0,0,0,0,0,0,0,0,0,0,0,1,0,0,0,0,0,0,0,0,0,0,0,0,0,0,0,0,0,0,1,0,0,0,0,1,0,0,0,0,0,0,0,0,0,0,0,0,0,0,1,0,0,0,1,0,0,0,0,0,0,0,1,0,0,0,0,0,0,0,0,0,0,0,0,0,1,0,0,0,0,0,0,0,0,0,0,1,0,1,0,1,0,0,0,0,0,0,0,0,0,0,0,0,0,0,1,0,0,1,0,0,0,0,0,0,0,0,0,0,0,1,0,0,0,0,0,0,0,0,0,0,0,0,1,0,0,0,0,0,0,0,0,0,0,1,0,0,0,0,0,1,0,0,0,0,0,0,0,0,0,0,0,0,0,0,0,0,0,0,0,0,0,0,0,0,0,0,0,0,0,0,0,1,0,1,0,0,0,1,0,0,0,0,0,0,0,0,0,0,0,0,0,0,0,0,0,0,0,1,0,0,1,0,0,0,0,0,0,0,0,0,0,1,0,0
agilent_noise_039,0,0,1,1,0,0,0,1,0,1,0,0,0,1,1,1,1,0,0,1,0,1,0,0,1,1,1,0,1,1,1,0,1,0,1,0,0,0,1,0,1,0,0,1,1,1,0,0,0,1,0,1,0,1,1,1,1,0,1,1,1,1,0,1,1,0,1,0,0,0,1,0,0,1,1,0,0,0,1,1,0,1,1,0,0,0,1,1,0,0,1,0,1,0,0,0,0,1,0,1,1,1,0,1,0,1,0,0,0,1,0,1,1,0,0,1,0,0,0,1,0,1,1,0,1,0,0,0,0,1,1,1,0,0,1,1,1,0,0,1,0,0,1,1,0,0,1,0,0,0,0,0,1,1,0,1,0,1,0,0,1,1,1,1,1,1,0,1,0,1,0,1,1,1,1,0,0,1,1,0,0,1,0,0,1,0,1,0,0,0,1,0,1,0,1,0,0,1,1,0,0,1,0,0,1,1,0,1,1,1,0,0,1,1,0,0,0,1,0,0,1,1,1,0,1,0,1,1,0,1,0,1,0,1,1,0,1,1,0,0
twist_noise_040,0,1,0,1,1,0,0,1,1,1,1,1,0,0,0,0,0,0,1,1,0,1,0,1,0,1,0,0,0,0,0,1,0,1,1,1,0,0,0,1,0,1,1,0,1,1,1,1,1,1,1,1,0,0,1,1,0,1,1,1,1,1,0,0,1,1,0,1,0,0,1,1,0,0,1,0,1,1,0,1,0,1,0,1,0,0,0,0,1,1,0,0,1,0,0,0,0,1,0,0,0,0,1,1,0,1,0,1,1,0,0,0,1,0,1,0,1,0,0,0,0,0,1,0,0,0,1,0,1,0,1,0,1,0,0,0,0,1,1,1,1,1,0,1,1,0,0,1,1,1,1,0,0,1,1,1,1,0,1,1,0,0,0,0,1,0,1,1,1,0,1,0,0,1,0,0,1,0,1,1,1,0,1,0,0,0,1,0,0,1,1,1,0,1,1,0,0,0,0,0,1,0,1,0,1,0,1,0,1,1,1,1,1,0,1,0,0,0,0,1,0,0,1,0,1,1,0,1,0,1,0,0,1,0,0,1,1,0,0,0
corona2_noise_041,1,0,1,0,0,0,0,1,0,0,0,1,1,0,0,0,0,0,0,0,1,0,1,0,1,0,0,0,0,0,0,1,1,1,0,0,1,0,1,1,1,0,1,0,0,0,1,0,0,1,1,1,0,0,0,0,0,1,0,0,0,1,0,0,1,1,1,1,1,1,0,0,1,1,0,1,0,0,1,0,0,0,0,0,1,0,1,0,0,0,0,0,0,1,1,1,0,0,1,0,1,1,0,0,0,0,1,1,1,0,1,0,0,0,1,1,0,0,0,1,0,0,0,0,1,0,1,0,0,0,1,1,0,1,1,0,0,0,1,0,0,1,1,0,0,0,0,0,0,0,0,0,0,1,0,1,0,0,1,0,0,0,0,1,0,1,0,0,1,0,0,1,0,0,0,0,1,0,0,1,1,0,0,0,0,0,0,0,0,0,1,0,0,0,0,1,0,0,0,1,0,0,0,0,0,0,0,0,0,0,0,0,0,0,0,1,1,0,1,0,0,1,0,0,0,0,0,0,0,0,0,0,0,0,1,0,0,1,0,0
agilent_noise_042,1,0,0,1,0,1,0,0,1,0,1,0,1,0,0,0,0,0,1,0,1,0,1,0,1,0,0,0,0,1,0,0,0,0,0,1,1,0,0,1,0,0,1,0,0,0,0,0,1,0,0,0,0,0,0,0,1,1,1,1,0,0,0,0,1,0,0,0,1,0,0,0,0,0,0,1,0,0,1,0,0,0,0,0,0,0,0,0,1,1,0,1,1,0,0,0,0,0,0,0,0,1,1,0,0,0,0,0,0,0,0,0,1,0,0,0,0,0,0,0,0,0,0,1,0,1,0,0,1,0,0,0,1,1,0,0,1,0,0,0,0,0,0,0,1,0,0,0,0,1,0,0,0,0,0,0,0,0,0,0,1,0,0,0,1,0,0,0,0,0,0,0,0,0,0,0,1,0,0,0,1,0,0,0,0,1,0,1,0,0,0,0,0,1,0,1,1,0,0,0,1,0,1,0,0,0,0,1,0,1,0,0,1,1,0,0,0,1,1,0,0,1,0,1,1,0,0,0,0,0,0,0,0,0,1,0,0,0,0,1
twist_noise_043,0,1,1,1,0,0,1,0,1,0,0,0,0,1,1,1,0,0,0,1,0,1,1,1,0,0,1,0,0,1,0,0,1,1,0,0,0,0,0,0,0,1,1,1,1,0,1,1,1,0,0,0,1,0,1,1,1,1,1,0,0,1,0,0,1,1,1,0,0,1,0,1,0,0,0,0,0,1,0,0,0,0,0,1,0,1,0,1,0,0,0,0,1,0,1,0,0,1,0,0,1,0,1,0,1,0,1,1,0,1,0,0,1,1,1,0,0,1,0,0,1,0,1,0,0,1,1,0,0,1,0,1,1,1,1,1,1,0,0,0,0,0,1,0,0,0,0,0,0,0,1,0,1,1,0,0,1,1,1,0,0,0,1,0,1,1,0,1,0,0,1,0,0,1,0,0,0,1,1,0,0,0,1,0,0,0,0,1,0,1,0,1,1,1,1,0,1,1,0,0,0,0,0,1,1,0,0,1,0,1,1,1,0,0,0,0,1,1,0,0,0,0,0,1,0,1,0,1,1,1,1,0,0,1,0,0,1,1,1,0
corona2_noise_044,0,0,0,0,1,0,0,0,1,1,0,0,0,1,0,0,1,0,0,0,1,1,1,0,1,0,0,1,1,0,1,0,1,1,0,0,0,0,0,1,1,1,0,0,0,0,1,0,0,1,0,0,1,1,0,0,0,0,1,1,0,0,0,1,0,0,0,1,0,0,0,0,1,1,0,0,1,0,0,0,1,0,0,0,1,1,0,0,0,0,0,0,0,0,0,0,1,0,0,0,0,0,0,1,0,0,0,0,0,0,0,1,0,0,0,0,1,0,0,1,0,1,1,0,0,0,1,0,0,1,0,1,0,0,0,0,1,0,0,1,1,0,0,1,0,1,1,0,1,0,1,0,0,0,0,1,1,0,0,1,1,1,0,1,0,0,1,0,0,0,0,1,1,1,0,0,0,0,0,0,0,1,0,0,0,1,0,0,0,1,0,0,1,0,0,0,1,1,0,0,1,1,1,0,1,0,0,0,0,0,0,0,1,0,0,1,0,0,0,0,0,0,0,0,0,0,0,1,0,0,1,0,0,1,0,0,0,0,0,1
agilent_noise_045,0,1,1,0,0,0,1,0,1,0,0,0,0,0,1,0,0,0,1,0,0,1,0,1,0,0,1,0,1,0,0,1,1,1,0,1,1,1,0,1,1,0,0,1,0,0,0,1,0,1,1,0,1,1,1,0,1,1,1,1,1,0,0,0,1,0,1,1,0,1,1,1,0,0,0,1,1,0,0,0,1,0,0,1,0,0,0,0,1,1,0,1,0,0,1,0,1,0,0,1,1,1,0,1,0,0,0,0,1,0,0,1,1,1,1,0,0,0,0,0,0,0,1,1,1,1,0,0,0,1,0,1,0,1,1,0,0,0,0,0,1,0,1,0,0,0,0,0,0,0,0,1,0,0,0,1,0,0,0,0,0,0,0,1,0,1,0,0,1,0,0,1,0,1,1,1,1,0,0,1,1,0,1,0,0,0,1,1,1,1,1,1,0,1,1,0,1,0,1,0,1,0,0,1,1,1,1,0,1,1,1,1,0,1,1,1,0,0,0,0,0,1,1,1,0,0,1,1,1,1,0,1,1,1,0,1,0,0,1,0
twist_noise_046,0,0,0,1,0,1,1,1,1,0,1,0,0,1,1,0,0,0,0,1,1,0,1,1,1,0,0,0,1,1,0,0,0,0,0,0,0,1,0,0,0,1,0,0,0,1,0,0,0,1,0,1,0,0,0,0,0,0,1,0,1,1,0,1,1,1,1,0,1,0,1,1,1,1,0,1,1,1,1,0,1,1,0,0,0,0,0,1,0,1,0,0,1,0,1,0,0,0,0,0,1,1,0,1,1,0,0,1,0,0,1,0,0,0,1,0,1,0,1,1,0,1,1,1,0,0,0,1,0,0,0,1,0,0,1,1,0,1,0,1,1,0,0,1,1,0,1,0,1,1,0,0,0,0,1,0,0,1,0,0,0,1,0,0,1,0,0,0,0,1,0,0,0,0,0,1,0,0,0,0,1,1,1,1,0,0,0,1,0,1,0,0,1,0,0,0,1,0,0,1,1,0,1,1,1,0,0,0,0,1,0,0,1,1,0,0,0,1,0,1,0,1,0,0,0,1,0,0,0,1,1,0,1,1,0,0,1,0,0,1
corona2_noise_047,0,0,1,1,1,0,1,1,0,1,0,1,0,1,1,1,0,1,0,1,1,1,1,0,0,1,1,1,0,0,1,0,1,1,0,0,1,1,1,1,1,0,0,0,0,0,1,1,1,1,0,1,0,1,1,1,0,1,0,0,1,0,0,1,0,0,1,0,1,1,1,0,1,0,0,1,0,1,1,0,0,0,1,0,1,0,1,1,0,1,1,0,1,0,0,0,1,1,0,1,0,1,0,0,0,1,1,0,1,1,1,0,0,0,1,0,0,0,0,0,0,1,0,1,1,0,1,1,1,0,1,0,1,1,0,0,0,1,0,0,1,1,1,1,0,1,1,1,0,1,0,1,0,1,0,1,0,0,1,0,0,0,0,1,1,1,0,0,1,1,0,1,1,0,0,1,0,1,0,0,0,0,1,0,1,1,1,0,1,0,1,1,0,1,1,0,0,1,0,1,1,1,0,0,1,1,1,1,1,0,0,1,1,1,1,1,1,0,0,0,0,0,1,1,1,0,0,1,1,1,0,0,1,1,1,0,1,0,1,1
agilent_noise_048,0,0,0,0,0,0,0,0,0,0,1,0,1,1,1,0,1,0,0,0,0,0,0,1,1,1,1,0,0,0,0,0,0,0,1,1,0,1,0,0,0,0,0,1,0,0,0,1,1,0,0,0,0,1,0,0,0,0,0,0,0,0,0,0,0,1,0,1,0,1,1,0,0,1,1,0,0,0,0,0,0,0,1,0,0,0,0,1,1,0,0,1,0,0,0,0,0,0,0,0,0,1,0,0,1,0,0,0,0,0,0,0,0,1,0,0,0,0,1,0,0,1,0,1,0,0,1,0,0,0,0,0,1,1,1,0,0,0,0,0,0,1,1,0,0,0,0,0,0,0,0,1,1,0,0,0,1,0,0,0,0,0,0,0,1,1,0,0,0,1,0,0,1,1,0,0,1,0,0,1,0,0,0,1,1,0,1,0,1,1,0,0,0,1,0,0,0,1,0,0,1,0,0,0,0,0,0,0,0,0,0,0,1,0,0,0,0,1,0,0,0,1,1,0,0,0,0,0,0,0,0,0,1,0,0,0,0,0,0,1
twist_noise_049,0,1,1,1,0,1,0,1,1,1,1,0,1,0,0,1,0,1,0,0,0,1,0,0,1,0,0,1,1,0,0,0,1,0,1,1,0,0,0,0,0,0,1,0,1,1,0,1,0,1,0,1,1,0,1,0,1,0,0,0,0,0,0,1,0,1,1,0,1,0,0,0,1,1,0,0,0,1,0,0,1,0,1,1,1,1,0,1,1,0,0,1,1,1,1,1,0,1,0,0,0,1,0,0,1,0,0,1,0,1,1,1,0,1,1,0,1,1,0,1,0,0,1,1,0,1,0,0,0,1,0,0,0,0,1,1,0,1,0,0,0,0,1,0,1,1,1,1,1,1,1,0,0,0,1,1,0,0,0,0,0,0,0,1,0,0,0,0,0,0,0,1,1,0,0,1,0,0,0,0,0,1,1,1,1,0,0,0,0,1,0,0,1,0,0,1,0,1,1,0,0,1,0,0,0,1,1,1,1,0,1,0,0,0,1,0,1,1,0,0,0,1,0,0,0,0,0,0,1,0,0,1,1,0,0,0,1,0,1,0
corona2_noise_050,0,0,0,0,0,0,0,1,0,0,0,1,1,0,1,0,0,0,1,1,0,0,1,0,1,0,0,0,0,1,0,0,0,0,0,0,1,1,1,0,0,0,1,1,0,0,0,1,0,1,0,0,0,0,0,0,0,0,0,0,0,1,0,0,0,0,1,0,0,1,0,1,0,1,0,0,0,0,0,1,0,0,0,1,0,0,0,0,0,0,0,0,1,1,1,0,1,1,0,0,0,0,1,0,1,1,0,0,0,0,0,1,0,0,0,0,0,0,0,0,0,1,0,0,0,0,1,0,0,1,0,1,1,0,0,1,0,0,0,0,0,0,0,0,0,1,0,0,0,0,0,0,0,0,0,0,0,0,0,1,1,0,0,0,0,0,0,1,0,0,0,1,0,0,0,0,0,0,0,1,0,0,0,1,1,1,0,0,0,0,0,1,0,0,0,0,0,1,0,1,0,0,0,0,0,0,0,0,0,1,0,0,1,1,0,0,0,1,0,0,0,0,1,0,1,0,0,1,0,0,1,0,0,0,1,0,1,0,0,0
agilent_noise_051,1,1,0,1,1,1,1,0,1,0,0,1,1,1,0,1,1,0,1,1,0,0,1,0,0,0,1,0,1,1,0,1,0,0,1,1,0,0,1,0,0,1,1,1,1,1,0,0,0,1,1,1,1,0,0,1,1,1,0,1,0,1,0,0,0,1,0,1,1,0,0,1,1,0,0,0,0,0,0,0,0,0,0,0,0,1,1,0,1,1,0,1,1,0,1,1,1,1,0,0,1,0,0,0,0,1,0,1,1,0,0,1,1,0,0,0,1,0,1,1,1,0,1,0,0,0,0,0,0,0,0,0,1,1,0,0,1,1,0,1,0,0,0,1,0,0,1,1,1,0,0,0,0,0,0,1,0,0,0,1,0,0,0,0,1,0,0,1,0,0,0,1,0,0,0,0,0,1,1,0,0,1,1,0,1,1,0,1,1,0,1,1,0,1,0,1,0,0,0,1,1,1,1,0,0,1,0,0,0,1,1,1,0,0,1,0,1,0,0,0,0,1,0,0,1,0,1,1,1,0,1,1,1,0,0,1,0,1,0,1
twist_noise_052,0,1,1,0,0,1,1,0,1,1,1,0,0,1,1,0,1,0,0,0,1,0,0,0,1,1,1,1,0,0,0,0,1,0,1,0,1,1,0,0,1,0,1,0,1,1,1,1,1,0,0,0,0,0,1,0,0,1,1,1,1,1,1,1,0,0,0,0,1,0,1,1,1,0,1,0,0,0,0,0,0,1,0,0,0,0,0,1,0,1,1,0,0,0,1,1,0,1,1,1,1,1,0,1,0,0,1,1,0,0,0,1,0,1,0,1,1,1,0,0,1,0,0,1,1,0,0,0,1,0,0,1,1,1,1,1,1,0,1,1,0,0,1,1,0,0,0,0,0,1,1,0,1,1,0,0,0,1,0,1,1,1,0,0,0,1,1,0,1,1,1,1,0,0,1,1,1,0,0,0,1,1,1,1,1,0,0,0,1,1,1,1,0,0,1,1,0,0,0,1,0,1,1,0,0,0,0,1,1,1,1,0,1,1,0,0,1,0,1,1,1,0,0,0,1,0,1,0,1,0,1,1,0,0,1,0,1,1,0,1
corona2_noise_053,1,1,0,1,0,1,1,0,0,0,0,0,0,0,1,0,1,0,0,0,1,0,0,0,0,0,1,0,0,1,0,0,1,1,1,1,1,1,1,0,0,1,0,0,1,0,0,0,0,1,0,0,1,0,0,0,0,0,0,0,0,0,0,1,1,1,1,1,1,0,0,0,0,0,0,0,0,1,1,0,0,0,0,1,0,0,1,0,1,1,0,0,0,0,1,0,0,1,0,1,1,0,1,0,0,1,0,1,0,0,0,1,0,1,1,0,1,0,0,1,0,1,0,1,0,0,0,0,0,0,1,0,0,0,0,1,1,0,1,0,0,1,0,1,0,0,0,0,1,0,1,1,1,0,0,1,0,0,0,0,0,0,1,1,0,0,0,0,1,0,0,1,0,1,1,1,1,0,0,0,0,1,0,1,0,0,0,0,1,0,0,0,1,0,1,1,0,0,0,1,1,1,0,1,0,0,0,0,0,1,1,0,1,0,1,0,0,0,0,0,0,0,1,1,0,1,1,0,1,1,0,0,1,0,0,0,0,0,0,1
agilent_noise_054,0,0,0,0,0,0,0,1,0,0,0,0,0,0,0,0,0,0,0,1,0,0,0,0,0,0,0,0,0,0,1,0,0,0,0,0,0,0,0,1,0,0,0,0,0,0,0,0,0,0,0,0,0,1,0,0,0,0,1,0,1,0,0,0,0,0,0,0,0,0,0,0,0,0,0,0,0,0,0,0,0,0,0,0,0,0,0,0,0,0,0,0,0,0,0,0,0,0,0,0,0,0,0,0,0,0,0,0,0,0,1,0,0,1,0,0,0,0,0,0,0,0,0,0,0,0,0,0,0,0,0,0,0,0,0,0,0,0,0,0,0,0,0,0,1,0,0,0,0,0,1,0,1,0,0,0,0,0,0,0,0,0,1,0,0,1,0,0,1,0,0,0,0,0,0,0,0,0,0,1,1,0,0,1,0,0,0,0,1,0,0,0,0,1,0,0,0,1,0,0,0,1,0,0,0,0,0,0,0,1,0,0,0,0,0,0,0,0,1,0,0,0,0,0,0,0,0,0,0,0,0,0,0,0,0,0,0,1,0,0
twist_noise_055,0,0,1,0,0,1,0,1,0,0,1,0,0,0,1,1,0,0,0,0,0,0,1,0,0,1,0,0,0,0,1,1,0,1,0,0,0,0,0,0,0,0,0,1,0,0,1,1,0,0,0,0,1,1,1,1,1,0,1,1,1,1,0,1,0,1,1,1,0,1,1,1,0,0,0,1,1,0,0,0,1,1,0,1,0,0,0,0,0,0,1,0,1,0,1,1,0,1,0,0,0,0,1,1,1,1,0,0,0,1,1,1,1,1,0,1,1,1,1,0,1,0,1,0,0,0,1,0,1,1,0,1,1,1,1,1,0,0,1,0,0,0,0,0,0,0,1,1,1,0,0,0,0,1,0,1,0,1,0,0,0,1,0,0,0,0,1,0,0,1,0,0,0,1,0,0,1,0,0,0,0,0,0,1,0,1,0,0,0,0,1,1,1,1,0,1,1,1,1,0,1,1,0,0,1,1,1,0,1,1,1,0,1,0,1,1,0,0,1,0,0,1,0,1,0,1,1,0,0,0,1,0,0,1,1,0,0,0,0,0
corona2_noise_056,0,0,1,1,0,1,1,1,0,0,0,0,0,0,0,0,0,1,0,1,1,0,0,0,0,0,1,0,0,0,1,1,1,1,0,0,0,1,1,0,0,0,1,1,0,0,0,0,0,0,1,0,1,0,1,1,1,1,1,0,0,0,1,1,0,0,0,1,1,0,0,0,0,0,0,1,1,1,0,0,0,1,1,1,1,1,0,1,0,0,1,0,1,0,0,1,1,0,0,0,0,0,0,1,0,1,1,0,0,0,0,0,0,1,1,1,0,1,1,1,1,1,1,1,0,0,1,0,0,1,0,0,1,0,0,1,1,0,0,0,0,0,1,0,0,1,1,0,0,0,1,0,0,0,1,0,1,0,0,0,1,0,1,0,0,0,1,0,1,1,0,0,0,1,0,0,1,1,1,0,0,1,1,0,0,1,0,0,0,0,0,0,1,0,0,0,0,1,0,0,0,0,1,0,1,0,0,0,0,1,1,0,0,1,0,0,1,0,0,1,1,0,0,1,1,0,1,0,1,0,0,0,1,0,1,0,1,0,1,1
agilent_noise_057,0,0,0,0,0,0,0,0,0,0,0,0,0,1,0,0,1,0,0,0,0,0,0,0,0,0,0,0,0,0,0,0,0,0,0,0,0,0,0,0,0,0,0,0,0,1,1,0,0,0,0,0,0,0,0,0,1,0,0,0,0,0,0,0,0,0,0,0,0,0,0,0,0,0,1,0,1,1,1,0,0,0,0,0,0,0,0,0,0,0,0,0,0,1,0,0,1,0,1,0,1,0,0,0,0,0,1,0,0,0,0,0,0,0,0,0,0,0,0,0,0,0,0,0,0,0,0,0,0,0,0,0,1,0,1,1,0,0,0,0,0,0,0,0,0,0,0,1,0,0,0,0,0,0,0,0,0,0,0,0,0,0,0,0,0,0,0,0,0,0,0,0,1,0,0,0,0,0,0,0,0,0,0,0,0,0,0,0,0,0,0,1,0,0,0,0,0,0,0,0,0,0,0,0,1,0,0,0,0,0,0,0,0,0,1,0,0,0,0,0,0,0,0,0,0,1,0,0,0,0,0,0,0,0,0,0,0,0,0,0
twist_noise_058,0,1,0,1,1,1,0,1,0,0,0,0,0,0,0,0,1,0,0,1,1,0,0,0,1,1,1,1,0,1,0,1,0,0,0,0,0,0,0,0,1,0,0,0,1,0,1,0,0,0,0,0,1,1,0,0,0,0,0,0,0,0,1,0,0,1,1,0,1,1,0,1,1,0,0,0,1,0,0,0,0,1,1,0,0,1,1,0,0,0,0,1,0,0,0,1,0,1,1,0,1,0,0,0,0,0,0,1,0,0,0,0,1,0,0,0,1,0,0,1,0,0,0,0,0,1,1,0,0,0,0,0,0,1,0,0,0,1,0,1,0,0,0,0,0,1,0,0,0,0,0,0,0,0,1,0,0,0,0,0,0,0,0,1,0,1,1,0,0,0,1,1,0,0,0,1,0,1,0,0,1,0,0,0,0,1,1,1,0,0,0,0,0,1,1,0,0,0,0,0,0,1,1,1,0,0,0,0,0,0,0,0,0,1,1,0,0,0,0,0,0,0,1,0,0,0,0,0,1,0,0,0,1,0,0,0,0,1,0,1
corona2_noise_059,1,1,0,0,0,0,0,0,0,1,0,0,0,0,0,0,1,0,0,1,0,0,1,0,0,0,0,1,1,0,1,0,0,1,1,0,1,0,1,1,1,1,1,1,0,0,0,1,0,0,0,1,0,0,1,1,0,1,1,0,0,0,1,0,1,0,0,0,0,1,0,1,0,1,1,1,0,0,1,0,1,1,0,1,0,1,0,1,0,0,1,0,0,0,1,1,1,0,1,0,0,0,1,0,1,0,0,0,0,0,0,0,1,0,0,0,0,0,1,0,0,0,1,0,0,1,0,1,0,0,0,0,1,0,0,0,1,0,1,0,0,0,0,0,1,0,0,0,0,1,1,0,0,1,1,0,0,0,0,0,0,1,1,0,0,0,1,1,0,0,0,0,0,0,0,0,0,0,1,0,0,0,0,1,1,1,0,0,0,0,0,1,1,1,0,0,0,1,1,1,0,1,1,1,0,1,0,0,1,0,0,0,1,1,0,0,0,0,0,0,0,0,0,0,0,0,1,0,0,0,1,1,0,0,0,0,0,0,0,1
agilent_noise_060,1,1,0,0,0,1,1,0,0,1,0,0,0,1,1,0,0,0,1,1,0,0,0,1,0,1,0,0,1,0,1,0,0,0,0,1,0,0,1,1,1,1,0,0,1,1,1,0,0,1,0,0,0,0,0,1,1,1,1,1,0,0,0,0,0,1,0,1,0,1,0,0,1,0,1,1,0,1,1,1,1,0,1,1,0,0,1,0,1,1,0,0,0,0,1,0,1,0,0,0,0,1,0,0,1,1,1,1,1,0,0,0,0,0,1,1,0,1,0,0,0,0,1,0,0,0,1,0,0,1,1,1,0,1,1,0,0,0,1,1,1,1,1,0,1,0,0,1,1,0,1,0,0,0,0,1,1,1,1,1,1,1,0,0,0,1,1,0,0,0,0,0,0,0,1,1,1,0,1,1,1,1,0,1,0,1,1,0,0,1,0,1,0,0,0,0,1,1,0,0,0,1,0,1,0,1,1,0,0,0,1,0,1,1,1,0,1,1,0,0,1,0,1,1,1,0,1,0,1,0,0,1,0,1,1,0,0,1,0,0
twist_noise_061,0,0,1,1,0,1,1,0,0,0,1,1,0,0,0,0,1,0,0,0,0,0,1,1,1,1,1,1,1,0,1,1,0,0,0,0,1,1,1,0,0,0,0,0,1,1,0,1,0,1,0,1,1,1,0,0,0,0,0,1,1,0,0,1,1,0,0,1,0,0,0,1,1,1,0,0,0,0,0,0,0,1,0,1,0,1,1,0,1,0,0,1,1,1,1,0,1,1,1,0,1,0,1,1,1,1,0,1,1,1,1,0,0,0,1,1,1,1,0,0,1,0,1,1,1,0,0,1,0,1,0,1,1,1,1,1,1,0,0,0,1,1,1,1,1,0,0,0,1,1,0,1,0,0,0,0,0,0,0,0,0,1,1,0,1,0,0,1,0,1,0,1,0,0,1,0,1,0,0,1,1,0,0,1,1,1,0,0,1,0,0,0,0,0,1,1,0,0,1,1,0,1,1,0,0,0,1,0,0,0,1,0,0,0,0,1,0,0,0,1,1,1,0,0,1,1,0,1,0,1,1,0,0,0,1,0,0,0,0,0
corona2_noise_062,0,1,0,1,0,1,0,0,1,0,1,0,0,0,0,0,0,0,1,1,0,0,1,1,0,1,0,0,1,0,0,1,0,0,0,0,0,0,1,0,0,0,0,0,0,0,1,0,1,0,0,0,0,0,0,0,1,0,1,0,1,0,0,1,0,0,1,0,0,0,0,0,0,0,0,0,0,1,0,0,0,0,0,0,0,0,0,0,0,0,1,0,0,1,0,1,0,0,0,0,1,0,1,0,1,0,0,1,0,1,0,0,0,0,0,0,1,0,0,0,1,0,0,1,0,0,0,0,0,0,1,1,1,1,0,0,0,1,0,1,0,0,0,1,0,1,0,1,1,0,0,1,0,1,0,0,0,1,0,0,0,0,0,1,0,0,0,1,0,0,0,0,0,0,0,0,1,0,1,0,1,1,1,0,0,0,0,0,0,0,1,1,0,0,0,0,1,0,0,0,1,0,0,0,0,0,0,1,0,1,0,0,0,0,0,0,0,0,0,0,0,1,0,1,0,0,0,0,0,0,1,0,0,0,0,0,1,0,0,0
agilent_noise_063,0,0,0,0,0,0,0,0,0,0,1,0,1,0,1,1,1,0,1,0,0,1,0,0,0,0,0,0,0,0,1,0,0,1,0,1,1,0,0,1,0,1,1,0,0,0,0,0,0,0,0,1,0,1,1,0,0,0,0,0,0,0,0,0,1,0,0,0,0,0,0,0,0,0,1,0,1,0,0,0,0,0,1,1,1,0,0,0,0,0,0,0,0,0,0,0,0,0,0,1,0,0,1,0,1,0,0,0,0,0,0,0,1,0,1,0,0,0,0,0,0,0,0,0,0,0,0,0,0,1,1,1,1,0,0,0,1,0,1,0,0,1,0,1,0,0,0,0,1,1,1,0,0,0,1,0,0,0,0,0,0,0,0,1,0,0,0,0,0,0,0,1,0,1,1,0,0,0,0,0,0,0,0,0,0,0,0,1,0,0,1,1,0,0,0,0,0,0,1,0,0,0,0,0,0,0,0,1,0,0,0,0,0,1,1,0,0,0,1,1,0,0,0,0,1,0,0,1,0,0,1,0,0,0,0,0,0,0,1,0
twist_noise_064,0,1,0,1,0,0,1,0,0,0,1,0,0,0,0,0,0,1,0,1,0,1,0,0,1,0,1,0,0,0,1,1,1,0,0,0,1,0,0,0,0,0,0,0,1,0,1,1,0,0,0,0,1,0,0,0,0,0,1,0,0,1,0,0,0,1,1,0,1,1,0,0,0,0,0,0,0,0,1,0,0,0,0,0,0,1,0,0,0,0,0,1,0,0,0,0,0,0,0,0,0,0,0,0,0,0,0,0,1,1,0,0,0,0,1,0,0,0,0,1,0,0,0,1,0,0,0,0,0,0,0,0,0,0,0,1,0,1,1,1,0,0,0,0,1,0,0,1,0,0,1,1,0,0,0,0,0,0,0,0,0,0,0,0,0,0,0,0,1,0,0,1,0,0,0,1,0,0,1,0,0,1,0,0,0,0,0,0,0,0,1,1,0,0,0,0,0,0,0,0,1,0,0,0,0,0,0,1,0,0,0,0,1,1,0,0,0,0,0,1,0,0,0,1,1,0,0,0,0,0,0,0,1,0,0,1,0,0,1,1
corona2_noise_065,1,0,1,0,0,1,1,0,1,1,0,0,0,0,0,0,0,0,0,0,0,1,0,1,0,0,0,0,0,0,0,0,0,0,0,0,0,0,0,0,0,0,0,0,0,0,0,0,0,0,0,0,0,0,0,1,1,1,0,1,0,1,1,0,0,0,0,0,0,0,0,0,0,0,1,0,1,0,0,0,0,0,0,0,0,0,0,0,0,0,0,0,0,1,0,0,0,0,0,0,0,0,0,0,0,1,1,0,0,0,0,1,0,0,0,0,1,1,0,1,0,0,0,0,0,0,1,0,0,0,0,0,0,0,0,0,1,1,1,0,0,0,0,0,0,0,0,0,0,0,0,0,1,0,0,0,0,0,0,0,1,0,0,0,1,1,0,0,0,0,0,0,0,0,0,0,1,0,0,0,1,1,0,0,0,0,0,0,0,0,1,1,0,0,0,0,0,0,1,0,1,0,0,0,0,0,1,0,1,1,0,0,0,1,0,0,1,0,0,0,0,0,0,0,1,1,0,1,0,1,1,0,0,0,0,0,0,0,0,0
agilent_noise_066,0,1,1,0,1,1,1,1,0,1,1,1,1,1,0,1,1,0,0,1,1,0,1,1,0,1,0,0,0,0,1,0,1,0,1,0,0,1,1,0,1,0,0,1,1,0,0,1,1,1,0,0,0,1,1,0,0,1,1,1,1,0,1,1,0,0,1,0,1,0,0,0,0,1,1,1,1,1,1,1,1,1,1,1,0,1,1,1,1,1,0,0,1,0,1,0,0,0,0,1,1,0,0,1,0,1,1,0,1,0,1,0,1,0,1,1,0,0,1,1,0,1,1,1,1,1,0,1,0,1,1,1,0,1,0,0,1,1,1,1,1,0,1,1,1,0,0,0,0,1,1,1,1,1,0,0,1,1,1,1,1,0,1,0,1,1,1,1,1,1,1,0,0,1,1,1,1,1,1,0,1,1,0,0,0,0,1,0,1,1,0,1,1,1,1,0,0,1,0,0,1,1,1,0,1,1,0,0,0,0,1,0,1,1,1,0,0,0,0,1,1,0,0,1,0,1,0,0,0,1,0,1,1,1,1,1,0,0,0,0
twist_noise_067,0,0,0,0,0,0,1,0,0,0,0,0,1,1,0,0,0,0,0,0,0,0,0,0,0,0,0,0,0,0,0,0,0,1,0,0,0,0,0,0,0,1,0,0,0,0,1,0,0,0,0,0,0,0,1,0,1,0,0,0,0,0,0,0,0,0,1,1,0,0,0,0,0,0,0,0,1,0,0,0,1,0,0,0,1,0,0,1,0,0,0,0,0,0,0,0,0,0,1,0,0,0,0,0,0,1,0,1,0,0,0,0,1,0,0,0,0,0,0,0,0,0,1,0,0,0,0,1,1,0,0,0,0,0,0,0,0,0,0,0,0,1,1,0,0,0,0,0,0,0,0,0,0,0,0,1,1,0,0,0,0,0,0,1,0,0,0,0,1,0,1,1,0,1,0,0,0,0,0,0,0,1,0,0,0,0,0,0,1,0,0,0,1,0,1,1,0,0,1,0,1,0,0,0,0,0,0,0,0,1,0,0,0,1,0,0,1,0,0,0,0,0,0,0,0,0,0,0,0,0,0,0,0,0,0,0,0,1,1,0
corona2_noise_068,0,0,1,1,1,1,1,1,1,1,1,0,0,1,0,1,1,1,1,0,1,1,1,0,0,0,0,0,0,0,0,0,1,0,1,1,1,0,1,1,1,0,0,1,0,1,0,1,0,0,1,1,0,0,1,0,1,1,0,0,1,0,0,1,0,0,0,0,0,0,0,1,0,1,0,0,0,1,1,0,1,1,0,0,1,0,1,1,0,1,0,0,0,0,0,0,1,1,0,0,0,1,1,1,1,1,0,1,1,0,1,0,0,0,1,1,0,0,1,0,0,0,0,1,0,0,0,0,1,0,0,1,1,1,0,1,0,1,1,1,0,1,1,0,0,1,0,0,1,0,1,1,1,1,1,0,1,1,1,1,0,0,0,0,0,0,1,0,0,1,1,1,0,1,0,1,1,0,0,0,1,1,1,0,1,0,1,0,1,0,0,0,1,1,1,0,0,0,1,0,0,0,0,0,1,0,1,0,0,1,0,1,1,1,0,1,1,0,0,1,0,1,0,1,0,1,0,1,1,1,0,0,1,0,1,0,0,0,0,0
agilent_noise_069,0,0,0,0,0,0,0,0,0,0,0,0,0,0,0,0,0,0,0,0,1,0,0,1,0,0,0,1,1,0,0,0,0,0,0,0,0,0,0,0,0,0,0,0,0,0,0,0,1,0,0,0,1,1,0,0,1,0,1,0,0,0,0,0,0,0,0,0,0,0,0,0,0,0,0,0,1,0,0,0,0,0,0,0,0,0,0,1,0,0,0,0,0,1,0,0,0,0,0,0,0,0,0,0,0,1,0,0,1,0,0,1,0,0,0,0,0,1,1,0,0,0,0,0,0,0,0,0,0,0,0,0,0,1,0,0,0,0,0,1,0,0,1,0,0,0,0,0,0,0,0,0,0,0,0,0,0,0,0,0,0,0,0,0,0,0,0,0,1,1,0,0,0,0,0,1,0,0,0,0,0,0,0,0,0,0,0,0,0,0,0,0,0,0,0,0,0,1,1,0,0,0,0,0,0,0,0,0,0,0,0,0,0,0,0,0,0,0,0,0,0,0,0,1,0,0,0,0,0,0,0,0,1,0,1,0,0,0,0,0
twist_noise_070,0,0,0,0,0,0,0,0,1,0,0,0,0,0,0,0,0,0,0,0,0,0,0,0,1,0,1,0,0,0,1,0,0,1,1,0,0,0,0,0,0,0,0,0,0,0,0,0,0,0,0,0,0,0,0,0,0,0,0,0,0,0,0,0,0,0,0,0,0,0,0,0,0,0,0,0,0,1,0,0,0,1,0,0,0,0,0,0,0,0,0,0,0,0,1,0,0,0,0,0,1,1,0,0,0,0,1,0,1,0,0,0,0,0,0,1,1,1,0,1,1,0,0,0,0,0,1,0,0,0,0,1,1,0,0,0,0,1,0,0,0,0,0,0,0,0,0,0,0,0,0,0,0,0,0,0,0,0,1,0,0,0,0,0,0,0,0,0,0,1,0,0,0,0,0,0,0,0,0,0,0,1,0,0,0,0,0,0,0,0,0,0,0,0,0,0,0,0,0,0,0,0,0,0,0,0,0,0,0,0,1,0,0,0,1,0,0,0,0,0,0,0,0,0,0,0,0,0,0,0,0,0,0,1,0,0,1,0,1,0
corona2_noise_071,0,1,0,0,0,0,1,0,0,0,0,1,0,0,0,1,1,0,1,0,0,0,1,0,0,0,1,1,0,0,0,0,0,0,1,1,0,0,1,0,0,0,0,0,0,0,0,0,0,0,0,0,0,0,0,0,0,0,0,1,0,0,0,0,1,1,0,0,1,0,0,0,0,0,1,0,0,0,0,0,0,0,1,0,0,0,1,0,1,0,0,0,0,0,0,0,0,1,0,0,0,0,1,0,0,0,1,0,0,0,1,1,0,0,0,1,0,0,0,0,0,0,0,0,0,0,0,0,0,0,0,1,0,0,1,1,0,0,1,0,1,0,1,0,0,0,0,0,0,0,0,0,0,1,0,0,0,0,0,0,0,0,0,0,0,0,1,0,0,0,0,1,0,0,0,1,0,0,0,0,0,0,0,1,1,0,0,0,0,0,0,0,0,0,0,0,0,1,0,0,0,0,0,0,0,1,0,0,1,0,0,0,0,1,0,0,0,0,0,1,0,0,0,0,0,0,0,0,0,0,0,0,0,0,1,1,0,0,1,0
agilent_noise_072,0,1,0,0,0,0,1,0,0,0,0,0,1,0,0,0,0,1,0,1,0,1,1,0,0,1,0,1,1,1,0,1,1,0,0,0,0,1,0,0,0,0,1,0,0,0,0,0,0,0,0,1,1,0,1,0,0,0,1,0,0,1,0,0,0,1,1,0,0,0,0,0,0,0,0,0,0,0,0,0,0,0,0,0,0,0,0,0,0,0,0,0,0,0,1,1,1,1,1,0,0,1,1,0,1,0,1,1,1,0,0,0,0,1,0,0,0,0,0,1,1,0,1,0,0,0,0,1,0,1,1,0,0,0,0,0,0,1,0,1,1,0,1,1,0,1,0,0,1,1,0,0,0,1,0,0,0,1,0,0,1,0,0,0,1,0,0,0,0,0,0,0,0,0,0,0,0,0,0,0,0,1,0,1,1,0,1,0,1,0,0,0,0,0,1,0,0,0,0,1,0,0,1,1,1,1,1,0,1,0,0,1,1,1,0,0,0,0,0,0,0,0,1,0,0,1,1,0,0,1,0,0,0,0,1,0,1,0,1,0
twist_noise_073,1,1,0,0,1,1,1,0,0,0,0,0,0,0,1,0,1,1,0,0,0,0,0,1,0,1,1,1,0,1,1,0,1,0,0,0,0,0,0,0,1,0,0,0,1,1,1,1,0,0,0,0,1,0,0,0,1,0,0,0,0,0,0,1,0,0,0,0,0,0,1,1,0,1,1,1,0,1,1,0,0,0,0,0,1,0,0,1,0,0,1,1,1,0,0,0,0,0,0,0,0,0,0,0,0,0,1,0,0,0,1,0,0,1,1,0,1,0,0,1,0,1,0,0,0,0,1,0,0,0,1,0,0,0,1,0,1,1,0,0,0,0,0,1,0,0,1,0,1,0,0,0,0,0,1,1,0,0,0,0,1,1,0,1,1,0,0,1,0,1,1,0,0,0,0,1,0,0,0,0,0,0,1,1,0,1,0,1,0,0,0,0,0,0,0,1,1,0,0,0,1,1,0,1,0,0,1,0,0,0,0,1,1,0,0,0,0,1,1,0,0,0,1,0,0,1,0,0,0,0,1,0,1,0,1,0,0,0,1,0
corona2_noise_074,0,1,1,1,0,0,1,0,1,0,0,0,0,0,0,0,0,0,1,0,0,1,0,1,0,0,0,0,0,1,0,0,0,1,0,1,0,1,0,1,0,0,0,0,1,0,0,0,1,0,1,0,0,0,0,1,1,1,0,0,0,0,1,1,0,0,0,0,0,0,1,0,0,0,0,1,0,1,0,1,0,0,0,0,0,0,1,0,0,0,0,1,0,1,0,0,0,1,0,0,0,0,0,0,0,1,0,0,0,0,1,1,0,0,1,0,1,0,0,0,0,0,1,0,0,1,1,1,0,1,0,0,0,1,0,0,0,0,0,1,1,0,1,0,1,0,0,0,0,1,0,0,1,1,0,0,1,0,0,0,1,0,0,0,0,0,1,0,0,0,0,0,0,1,1,0,1,1,1,0,0,1,0,1,0,0,0,1,0,0,0,0,0,0,0,0,1,1,0,0,0,1,0,1,0,0,0,0,0,0,0,0,1,0,0,0,1,0,0,0,0,0,1,0,0,0,0,1,0,1,0,0,0,1,0,1,1,1,1,0
