SampleName,agilent_signal_01,twist_signal_02,corona2_signal_03,agilent_signal_04,twist_signal_05,corona2_signal_06,twist_noise_001,corona2_noise_002,agilent_noise_003,twist_noise_004,corona2_noise_005,agilent_noise_006,twist_noise_007,corona2_noise_008,agilent_noise_009,twist_noise_010,corona2_noise_011,agilent_noise_012,twist_noise_013,corona2_noise_014,agilent_noise_015,twist_noise_016,corona2_noise_017,agilent_noise_018,twist_noise_019,corona2_noise_020,agilent_noise_021,twist_noise_022,corona2_noise_023,agilent_noise_024,twist_noise_025,corona2_noise_026,agilent_noise_027,twist_noise_028,corona2_noise_029,agilent_noise_030,twist_noise_031,corona2_noise_032,agilent_noise_033,twist_noise_034,corona2_noise_035,agilent_noise_036,twist_noise_037,corona2_noise_038,agilent_noise_039,twist_noise_040,corona2_noise_041,agilent_noise_042,twist_noise_043,corona2_noise_044,agilent_noise_045,twist_noise_046,corona2_noise_047,agilent_noise_048,twist_noise_049,corona2_noise_050,agilent_noise_051,twist_noise_052,corona2_noise_053,agilent_noise_054,twist_noise_055,corona2_noise_056,agilent_noise_057,twist_noise_058,corona2_noise_059,agilent_noise_060,twist_noise_061,corona2_noise_062,agilent_noise_063,twist_noise_064,corona2_noise_065,agilent_noise_066,twist_noise_067,corona2_noise_068,agilent_noise_069,twist_noise_070,corona2_noise_071,agilent_noise_072,twist_noise_073,corona2_noise_074
perfect_training_001,1,0,1,0,1,0,1,0,0,1,1,0,0,1,1,0,0,0,0,0,0,0,0,0,0,0,0,0,1,0,0,1,0,0,0,1,0,0,0,0,1,1,1,0,0,0,1,1,0,0,0,0,0,0,0,0,1,0,1,0,0,0,0,0,1,1,0,0,0,0,1,0,0,0,0,0,0,0,1,0
perfect_training_002,0,1,0,1,0,1,1,0,0,0,1,0,0,0,0,0,0,0,0,0,1,0,0,1,0,0,1,0,0,0,0,1,0,0,0,0,1,0,0,0,1,0,0,0,0,1,0,0,1,0,1,0,0,0,1,0,1,1,1,0,0,0,0,1,1,1,0,1,0,1,0,1,0,0,0,0,1,1,1,1
perfect_training_003,0,1,0,1,0,1,1,1,0,1,0,0,0,1,0,1,0,0,0,1,0,1,0,1,0,0,1,0,1,1,0,0,0,0,0,1,0,0,1,1,0,0,0,0,1,0,1,0,1,0,1,0,1,0,1,0,0,1,0,0,1,1,0,0,0,0,1,0,0,0,1,1,0,1,0,0,0,0,0,1
perfect_training_004,0,1,0,1,0,1,1,1,0,0,0,0,0,1,0,1,0,1,0,0,1,1,1,0,1,0,0,0,1,0,0,0,1,0,0,0,1,0,0,0,0,1,0,0,1,1,0,1,1,0,0,1,1,0,1,0,1,0,1,0,0,1,0,1,0,0,1,1,0,1,0,0,0,1,0,0,0,0,0,1
perfect_training_005,0,1,0,1,0,1,0,1,1,1,0,0,0,1,0,0,1,0,0,1,1,0,0,0,0,0,0,0,1,0,0,1,0,1,1,0,1,0,1,0,1,1,0,1,0,1,0,0,0,1,0,0,1,0,0,0,1,0,0,0,0,0,0,1,0,0,0,0,0,0,0,1,0,1,0,0,0,0,1,0
perfect_training_006,0,1,0,1,0,1,0,1,1,1,1,1,1,0,0,0,0,1,1,0,1,1,0,0,0,0,0,0,0,0,0,1,0,0,0,0,0,0,1,0,0,0,0,1,0,0,0,1,0,0,0,1,0,0,1,0,1,1,1,0,1,1,0,1,0,1,1,1,0,0,1,1,0,1,0,0,0,0,1,0
perfect_training_007,1,0,1,0,1,0,0,0,1,1,1,1,0,1,0,0,0,1,1,1,1,0,0,0,1,0,0,0,0,1,0,1,1,1,1,0,0,0,0,0,1,1,0,1,0,0,0,0,1,0,1,1,1,0,0,0,1,1,1,0,0,1,0,0,0,1,1,0,0,1,1,1,1,1,0,0,1,1,1,1
perfect_training_008,0,1,0,1,0,1,1,0,1,1,0,0,1,1,0,0,1,1,1,0,0,0,1,0,0,0,0,0,0,0,0,1,0,0,0,0,0,0,0,1,1,1,0,0,1,1,1,0,0,0,0,1,1,0,1,1,0,0,0,1,1,1,0,1,0,0,0,0,0,0,0,1,0,1,0,0,0,0,0,0
perfect_training_009,1,0,1,0,1,0,1,1,1,0,0,1,0,1,0,1,1,0,0,0,0,0,1,1,0,0,0,0,0,0,0,1,0,1,1,0,0,0,0,0,0,0,1,0,0,1,0,1,1,1,1,1,0,0,1,0,1,1,0,0,0,0,0,0,0,0,0,1,0,0,1,0,0,1,0,1,0,0,0,1
perfect_training_010,0,1,0,1,0,1,0,0,0,1,0,0,0,1,1,0,1,0,0,0,1,1,0,1,0,0,0,0,1,0,0,1,0,1,0,0,0,0,0,0,0,0,0,0,1,1,0,0,0,1,0,0,1,0,1,0,0,1,0,0,0,0,0,0,1,1,0,0,0,0,1,1,0,1,0,0,0,0,0,0
perfect_training_011,1,0,1,0,1,0,1,0,1,0,0,0,0,1,0,0,0,0,0,1,0,1,0,0,0,0,1,1,1,0,0,0,0,0,1,0,1,0,0,0,1,1,0,1,0,1,0,1,0,0,0,1,0,1,1,0,0,1,0,0,1,0,0,0,0,0,1,1,1,1,0,1,0,1,0,0,0,0,0,0
perfect_training_012,1,0,1,0,1,0,1,0,0,0,1,0,0,0,1,0,0,0,1,0,1,0,0,0,0,0,0,0,0,0,0,0,1,0,1,1,0,0,1,0,0,0,0,0,0,1,1,0,0,0,0,0,1,0,0,1,1,0,0,0,0,0,0,0,0,0,1,0,0,0,0,1,0,0,0,0,1,0,0,0
perfect_training_013,0,1,0,1,0,1,0,0,1,0,0,1,1,0,0,0,1,0,1,0,1,0,0,0,0,0,0,0,0,0,0,0,0,0,0,0,0,0,0,0,0,0,0,0,0,0,1,1,0,0,0,0,0,1,1,1,1,0,0,0,0,0,0,0,0,0,0,0,1,0,0,1,1,0,0,0,0,1,0,0
perfect_training_014,1,0,1,0,1,0,1,1,1,1,0,0,1,0,1,0,1,0,0,0,0,0,0,0,0,0,0,0,0,1,0,1,0,0,1,0,0,0,1,0,1,1,0,1,1,0,0,0,1,1,0,1,1,1,0,0,1,1,0,0,0,0,1,0,0,1,0,0,0,0,0,1,1,1,0,0,0,0,0,0
perfect_training_015,1,0,1,0,1,0,0,0,0,1,0,1,0,0,0,0,1,0,0,0,0,0,0,1,0,0,0,1,1,0,0,0,0,0,1,0,0,0,0,0,0,1,1,0,1,0,0,0,1,0,1,1,1,1,0,1,0,1,1,0,1,0,0,0,0,1,0,0,1,0,0,0,0,0,0,0,0,0,1,0
perfect_training_016,1,0,1,0,1,0,1,1,1,1,1,0,0,1,0,0,0,0,1,0,0,1,0,1,1,0,0,0,0,0,0,0,0,0,0,0,0,0,0,0,1,1,0,0,1,0,0,0,1,0,0,0,1,0,1,0,1,0,0,0,1,0,0,0,0,0,0,0,1,0,0,1,0,1,0,0,1,0,0,0
perfect_training_017,0,1,0,1,0,1,0,1,0,1,1,0,0,0,1,0,1,1,0,0,1,0,0,0,1,0,1,0,1,1,0,0,1,0,1,1,0,0,1,0,0,0,0,0,1,0,0,0,0,1,0,0,0,1,0,0,1,1,1,0,0,0,1,1,1,0,1,0,1,0,0,1,0,1,0,0,1,0,1,0
perfect_training_018,0,1,0,1,0,1,0,1,1,0,0,1,0,1,0,0,1,1,1,1,1,0,1,1,1,0,0,0,0,0,0,1,1,0,1,1,1,0,1,0,1,1,0,0,0,0,0,0,0,0,0,0,1,0,1,0,0,0,0,0,0,1,0,0,0,0,0,0,0,1,0,0,0,1,0,0,0,1,1,0
perfect_training_019,0,1,0,1,0,1,0,1,0,0,0,0,1,0,1,0,1,0,1,1,0,0,1,0,1,0,0,1,0,0,0,1,0,1,1,1,0,0,0,0,1,0,0,0,0,1,0,1,0,0,1,0,0,0,0,1,1,0,0,0,0,0,0,0,0,1,0,1,1,0,0,0,0,1,0,0,1,0,0,1
perfect_training_020,0,1,0,1,0,1,1,1,1,1,0,0,0,1,0,0,0,0,0,0,1,0,0,0,0,0,0,0,0,0,0,1,0,0,1,0,0,0,1,0,0,0,0,0,1,1,0,0,1,0,0,1,1,0,0,1,1,0,0,1,0,1,0,1,1,1,0,1,0,1,0,1,0,0,0,0,0,1,0,0
perfect_training_021,0,1,0,1,0,1,0,0,1,0,0,0,0,1,0,1,1,0,1,0,1,1,1,0,1,0,0,0,0,0,0,1,0,0,1,1,1,0,0,0,1,0,0,0,0,0,1,1,0,1,0,1,1,0,0,0,0,1,1,0,0,1,0,1,0,0,0,0,0,0,0,1,0,1,1,0,0,0,0,0
perfect_training_022,1,0,1,0,1,0,0,0,0,1,0,0,0,0,0,1,0,1,0,0,1,0,1,1,0,0,0,0,0,0,1,0,0,1,0,1,0,0,0,1,1,0,1,0,1,1,0,0,1,1,1,0,1,0,1,0,0,0,0,0,0,0,0,0,0,0,0,0,1,1,1,0,0,1,0,0,0,1,0,1
perfect_training_023,1,0,1,0,1,0,0,1,0,0,0,1,0,1,0,0,0,0,1,0,1,0,0,0,1,0,0,0,0,1,0,1,0,0,0,0,0,0,1,1,0,1,0,0,0,0,1,1,1,1,0,1,1,0,0,1,1,0,0,0,1,0,0,0,1,0,1,1,0,0,0,1,0,1,0,0,1,1,0,0
perfect_training_024,1,0,1,0,1,0,1,0,1,0,0,1,0,0,1,1,0,1,0,0,0,1,0,0,0,0,0,0,0,0,0,1,0,1,1,0,0,0,1,1,0,1,0,0,0,1,0,0,1,0,1,1,0,1,0,0,0,0,0,0,0,0,0,0,0,1,1,1,0,0,1,1,0,0,1,0,0,0,1,1
perfect_training_025,0,1,0,1,0,1,0,1,1,0,1,0,1,1,0,0,1,0,0,1,1,0,1,0,1,1,0,0,0,0,0,1,1,0,1,1,0,0,0,1,1,0,1,0,1,0,1,1,0,1,0,1,0,1,1,1,0,1,0,0,0,0,0,1,0,0,1,0,0,1,0,0,0,0,0,1,0,0,0,0
perfect_training_026,1,0,1,0,1,0,1,1,0,0,1,0,1,1,0,0,0,0,0,0,0,1,1,1,0,0,1,0,0,0,0,1,0,0,1,0,1,1,1,1,0,0,0,1,1,1,0,0,0,0,0,0,1,1,0,0,0,1,0,0,1,0,0,1,0,1,1,1,0,0,0,1,0,0,0,0,0,1,1,0
perfect_training_027,1,0,1,0,1,0,0,0,1,1,0,0,1,1,0,1,0,0,0,0,1,0,0,1,0,0,1,0,1,0,1,0,1,1,1,0,1,0,0,0,1,0,1,0,1,0,0,0,1,0,1,0,1,1,0,0,1,1,1,0,0,1,0,1,0,0,1,0,0,1,0,0,0,0,0,1,1,0,1,0
perfect_training_028,0,1,0,1,0,1,1,0,0,0,0,0,1,1,0,0,1,0,1,0,0,0,0,0,1,0,0,0,0,0,0,0,0,0,0,0,0,0,0,0,0,1,0,0,0,0,0,0,0,1,0,0,1,0,1,0,0,1,0,0,0,0,0,1,1,0,1,0,0,0,0,0,0,0,1,0,1,1,1,0
perfect_training_029,1,0,1,0,1,0,0,1,1,1,1,1,0,0,0,0,0,1,1,0,1,0,0,1,0,0,0,1,0,0,1,0,0,0,1,0,1,0,1,0,1,1,1,0,1,0,0,0,0,1,1,1,0,0,1,0,1,0,0,0,0,0,0,0,1,1,1,1,0,0,0,0,0,0,1,0,0,1,0,0
perfect_training_030,1,0,1,0,1,0,1,1,0,0,0,1,0,1,1,1,0,0,0,0,1,1,0,1,0,0,0,0,1,0,0,0,0,0,0,0,0,0,0,0,0,0,0,0,1,0,0,1,1,0,0,1,0,0,0,1,1,0,1,0,0,0,0,1,0,0,0,0,0,0,0,0,0,0,0,0,0,1,1,1
perfect_training_031,0,1,0,1,0,1,0,0,0,1,0,0,1,1,0,1,0,0,0,0,1,1,1,1,0,0,1,1,1,0,0,0,0,0,0,1,1,0,0,1,1,0,0,0,1,0,0,0,0,1,0,0,1,0,0,0,0,0,0,1,1,1,0,0,1,1,1,0,1,1,0,1,0,0,0,1,0,0,1,0
perfect_training_032,0,1,0,1,0,1,1,1,1,1,0,0,1,0,0,0,1,1,0,0,1,0,1,0,0,0,0,1,0,0,0,0,0,1,0,0,0,0,0,0,1,1,1,0,0,1,1,0,0,0,1,0,0,0,0,0,1,0,0,0,1,1,0,1,0,0,1,1,0,1,0,0,0,0,0,0,0,1,0,0
perfect_training_033,1,0,1,0,1,0,1,0,0,0,0,0,0,1,0,0,0,1,0,0,1,0,0,0,0,1,0,0,1,0,1,1,1,0,0,0,0,0,1,0,1,1,1,0,1,0,1,0,1,1,1,0,1,0,1,0,0,1,1,0,0,1,0,0,0,0,0,0,0,1,0,1,0,1,0,0,0,1,1,0
perfect_training_034,1,0,1,0,1,0,0,0,0,0,0,0,1,1,1,0,0,0,0,1,1,0,1,1,0,0,0,1,0,1,0,0,0,0,0,0,1,0,1,0,0,0,0,0,0,1,1,0,1,1,1,0,1,0,0,0,0,0,1,0,1,1,0,0,1,0,0,0,1,0,0,0,1,0,0,1,0,0,0,1
perfect_training_035,0,1,0,1,0,1,0,1,0,1,1,0,0,1,0,0,1,0,0,0,0,0,1,1,0,1,0,0,0,0,1,1,0,0,1,0,1,0,0,1,1,1,0,0,1,1,0,0,0,0,0,0,0,1,1,0,1,1,1,0,0,0,0,0,1,0,0,0,0,0,0,1,0,1,0,1,1,0,0,0
perfect_training_036,0,1,0,1,0,1,1,0,1,0,0,0,1,1,1,0,0,0,0,1,1,0,0,0,1,1,0,0,1,0,0,1,0,0,0,0,1,0,0,0,0,0,0,0,0,1,0,1,0,0,1,0,0,1,1,0,1,0,1,0,0,0,0,0,0,1,0,0,1,0,0,0,0,1,0,0,1,0,0,1
perfect_training_037,1,0,1,0,1,0,0,1,0,1,1,0,0,0,0,0,0,0,0,0,1,1,0,1,0,0,0,0,0,0,0,1,0,0,1,1,1,0,0,0,1,0,1,0,0,0,1,1,0,0,1,0,1,0,0,1,0,1,1,0,0,0,0,0,1,0,1,0,1,1,0,0,0,1,0,0,0,0,0,0
perfect_training_038,0,1,0,1,0,1,0,0,1,1,0,1,0,0,0,0,0,0,0,0,0,1,0,1,0,0,1,0,1,0,1,1,1,1,0,0,0,0,0,0,0,0,0,0,0,0,0,0,0,0,1,1,1,1,0,1,0,1,1,0,0,1,0,0,0,0,1,0,0,0,0,1,0,0,0,0,0,1,0,1
perfect_training_039,0,1,0,1,0,1,0,1,0,1,0,0,1,1,0,1,0,0,1,0,1,1,0,1,0,1,1,0,1,0,0,0,0,0,0,0,1,1,0,0,1,0,0,0,1,0,1,0,0,0,0,0,1,0,0,1,1,0,1,0,0,1,0,0,1,1,1,1,0,0,0,1,0,1,0,0,1,0,0,0
perfect_training_040,1,0,1,0,1,0,0,0,0,0,1,1,0,1,0,0,0,0,1,0,1,0,0,0,0,0,0,0,1,0,0,0,0,0,0,0,0,0,0,0,1,0,0,0,0,1,1,1,0,1,1,0,1,0,0,0,0,0,0,1,0,0,0,0,1,1,0,0,1,0,0,0,0,1,0,0,0,0,0,1
perfect_training_041,0,1,0,1,0,1,0,1,0,1,0,0,0,1,1,0,1,0,0,0,1,0,0,0,0,0,1,0,0,0,1,0,0,0,0,1,0,0,0,0,1,1,0,0,1,0,1,0,0,1,1,0,1,0,0,0,0,1,0,0,0,0,0,1,1,1,0,0,0,0,0,1,0,1,0,0,0,0,1,0
perfect_training_042,0,1,0,1,0,1,1,0,0,1,0,1,1,0,0,1,0,0,0,0,0,0,0,0,1,0,0,0,1,0,0,1,1,0,0,1,0,0,0,0,0,0,0,0,0,1,0,0,1,1,0,1,0,0,0,0,1,0,1,0,0,0,0,0,1,1,0,0,1,0,0,0,1,0,0,0,0,0,0,0
perfect_training_043,1,0,1,0,1,0,1,1,1,0,1,0,1,1,0,0,1,1,1,0,0,0,0,1,0,0,0,0,0,1,0,1,0,0,1,0,0,0,0,0,0,1,0,0,0,1,1,1,1,0,0,0,0,0,1,1,1,1,0,0,0,1,0,0,1,0,0,0,1,0,0,0,0,0,0,0,0,1,0,0
perfect_training_044,0,1,0,1,0,1,0,0,1,1,1,1,1,0,0,0,0,0,0,0,1,1,0,1,1,0,0,0,0,0,1,0,1,0,1,0,0,0,1,0,1,0,0,0,1,0,0,0,1,0,1,0,0,1,0,1,1,0,0,0,1,1,0,0,1,0,0,0,0,0,0,1,0,1,0,0,0,0,0,0
perfect_training_045,0,1,0,1,0,1,1,1,1,0,1,0,0,1,0,0,1,0,0,0,1,0,0,1,0,1,0,0,0,1,0,1,0,1,1,1,1,0,1,1,1,1,1,1,1,1,0,0,1,0,0,0,0,0,1,0,1,1,1,0,0,0,0,1,0,1,1,0,0,1,0,1,0,0,0,0,0,0,1,1
perfect_training_046,1,0,1,0,1,0,1,1,0,0,0,1,1,1,0,0,1,0,1,1,1,1,1,0,0,0,0,1,1,0,0,1,0,0,0,1,1,1,0,0,0,1,1,0,1,1,0,0,0,0,0,1,0,0,1,0,1,1,0,0,0,0,1,0,0,1,1,0,0,0,0,0,0,1,0,0,0,0,1,0
perfect_training_047,1,0,1,0,1,0,1,0,0,1,0,0,0,1,1,1,1,0,1,1,0,0,1,0,0,0,0,0,1,0,0,0,0,0,0,1,0,0,0,0,1,0,0,0,0,1,1,0,1,1,0,0,1,0,0,0,0,1,0,0,1,0,1,1,0,1,0,1,0,1,0,0,1,0,0,0,0,0,1,0
perfect_training_048,1,0,1,0,1,0,0,1,0,1,1,1,1,1,0,0,0,0,0,0,1,1,1,0,0,1,0,1,0,0,0,0,0,1,0,0,0,0,0,0,0,1,1,0,0,1,0,0,1,0,1,0,1,1,1,1,0,1,0,0,1,0,0,0,1,0,1,0,0,1,0,1,0,1,0,0,0,0,1,0
perfect_training_049,0,1,0,1,0,1,1,1,1,1,0,0,1,0,0,0,0,0,1,1,0,0,1,0,0,0,1,0,1,0,0,0,1,0,1,1,1,0,0,0,1,0,0,0,0,1,0,1,1,0,0,0,1,1,0,0,0,1,0,0,0,0,0,0,0,0,0,1,0,0,0,1,0,0,1,0,0,0,0,1
perfect_training_050,1,0,1,0,1,0,0,0,1,0,0,1,0,0,1,1,1,0,0,0,1,0,0,0,1,0,0,0,0,1,0,0,0,0,0,0,0,1,0,0,0,0,0,1,1,1,1,0,0,1,1,1,1,0,1,1,1,0,1,0,0,0,0,0,0,1,1,0,0,0,0,1,0,0,0,0,0,0,0,0
perfect_training_051,1,0,1,0,1,0,0,1,1,0,0,0,0,1,1,0,0,0,1,1,1,0,1,1,1,0,0,0,0,1,1,1,0,0,0,0,1,1,0,1,0,1,1,0,0,1,1,0,0,0,1,0,0,0,0,0,1,0,0,0,0,1,0,0,0,0,0,0,0,0,0,0,0,1,0,0,0,0,0,1
perfect_training_052,1,0,1,0,1,0,0,1,1,1,1,1,0,1,0,0,1,1,0,1,0,0,0,0,0,0,0,0,0,0,0,0,0,0,0,0,0,0,0,1,0,0,0,0,1,1,1,0,0,0,0,1,1,0,1,0,1,0,0,0,0,0,0,0,1,0,1,0,1,0,0,0,0,1,0,0,0,1,0,0
perfect_training_053,0,1,0,1,0,1,0,0,0,0,0,0,0,1,0,1,0,0,0,1,1,0,0,1,0,0,0,0,0,0,0,0,1,0,1,0,0,0,0,0,1,0,0,0,0,0,0,0,1,1,1,0,0,0,1,0,1,0,1,0,1,1,0,1,0,0,1,0,0,1,0,0,0,0,1,0,0,1,1,0
perfect_training_054,1,0,1,0,1,0,1,1,1,1,0,0,0,1,0,1,0,0,0,0,0,0,0,0,1,0,0,0,0,0,1,1,0,0,1,0,1,0,0,0,0,0,0,0,1,0,0,0,0,1,1,0,1,1,0,0,0,0,0,1,1,0,0,1,0,0,1,0,1,0,0,1,0,0,1,0,0,0,0,0
perfect_training_055,1,0,1,0,1,0,0,1,1,0,1,1,0,0,0,0,0,0,0,0,0,1,0,1,0,1,0,0,1,0,0,1,0,1,0,1,0,0,0,0,0,1,0,0,1,1,0,0,1,0,1,0,1,0,1,0,0,1,0,0,1,1,0,0,1,0,0,0,1,0,0,1,1,1,0,0,0,1,0,0
perfect_training_056,0,1,0,1,0,1,0,1,1,1,0,0,0,1,0,0,0,0,0,1,1,0,1,0,0,0,1,0,0,0,1,1,0,1,0,0,1,0,0,1,1,1,0,0,1,1,0,0,1,0,0,0,1,0,0,0,1,0,0,0,1,1,0,0,1,1,0,0,0,0,1,0,0,0,0,0,0,0,0,1
perfect_training_057,1,0,1,0,1,0,0,0,1,1,1,0,0,0,0,0,0,0,0,0,1,0,0,1,0,0,0,0,0,0,0,0,0,0,0,0,0,1,0,0,0,0,0,0,1,0,0,1,1,0,1,0,0,0,1,0,1,0,0,0,1,1,1,0,0,1,0,1,0,0,1,0,1,1,1,0,0,0,1,1
perfect_training_058,0,1,0,1,0,1,1,1,0,1,1,0,0,0,0,0,1,1,1,0,1,0,1,0,0,0,0,0,0,0,0,1,0,1,1,0,1,0,0,0,0,0,0,0,0,1,1,1,1,0,1,0,1,0,0,0,1,1,0,0,0,1,0,0,1,1,0,0,0,0,1,1,0,1,0,0,0,0,0,1
perfect_training_059,1,0,1,0,1,0,1,1,0,0,1,0,0,1,0,0,0,1,0,0,1,0,0,1,0,0,0,0,0,0,0,0,0,1,0,1,0,0,1,0,1,0,0,0,1,1,0,1,1,1,1,1,0,0,0,0,0,1,0,1,1,1,0,0,1,1,0,1,0,1,0,1,0,0,1,0,0,1,0,0
perfect_training_060,0,1,0,1,0,1,1,0,1,0,0,0,1,0,0,0,0,1,0,0,1,0,0,1,0,1,0,0,0,0,0,0,0,0,0,1,1,0,0,0,1,0,0,0,1,1,0,1,0,1,1,0,0,0,0,0,1,1,0,0,1,0,0,0,0,1,1,0,0,0,1,1,0,0,0,0,1,0,0,0
perfect_training_061,1,0,1,0,1,0,0,1,0,0,1,0,0,0,1,0,1,0,0,0,1,1,0,0,0,0,0,0,1,1,1,1,0,0,0,1,1,0,0,0,0,0,1,0,1,1,0,0,0,0,1,1,1,0,0,0,0,1,0,1,1,0,0,0,0,0,1,1,0,0,0,1,0,1,0,0,0,0,0,0
perfect_training_062,0,1,0,1,0,1,1,1,0,0,0,1,1,1,0,0,0,1,1,0,1,0,0,1,0,0,0,0,1,0,0,1,0,1,0,0,1,1,1,1,1,0,1,0,1,1,1,0,1,0,0,1,0,0,0,1,1,1,0,0,1,0,0,0,0,0,0,0,0,1,1,0,0,0,0,0,0,1,0,0
perfect_training_063,1,0,1,0,1,0,1,0,1,0,0,0,1,1,0,0,0,0,1,1,1,0,1,0,0,0,0,0,1,0,0,1,0,1,1,1,0,0,0,1,1,1,1,0,0,0,0,0,0,0,0,0,0,0,0,0,0,1,0,0,0,1,0,1,1,0,0,0,0,0,1,1,0,0,0,0,0,0,0,1
perfect_training_064,1,0,1,0,1,0,1,1,1,0,0,0,0,1,1,0,0,0,1,0,1,0,0,0,0,0,0,0,0,1,0,1,0,0,1,0,0,0,1,0,0,1,0,0,1,0,0,0,0,1,0,1,1,0,1,0,0,1,1,0,1,1,0,0,0,0,1,1,0,0,0,1,0,1,0,0,0,0,1,1
perfect_training_065,0,1,0,1,0,1,1,1,0,0,0,0,0,1,1,0,0,0,0,0,0,0,1,1,0,1,0,0,0,0,0,1,1,0,0,1,0,0,0,0,0,0,0,1,1,1,1,1,1,0,1,1,0,0,0,0,0,0,1,0,0,0,0,0,1,0,1,0,1,0,0,0,0,0,0,0,1,0,0,0
perfect_training_066,1,0,1,0,1,0,0,1,0,1,0,0,0,1,0,1,0,0,1,0,1,0,0,1,0,0,0,0,0,0,1,1,0,0,0,0,1,1,1,0,0,1,1,0,0,1,1,0,1,0,0,1,0,1,1,0,1,0,1,0,1,0,0,1,0,1,0,0,0,1,0,0,0,0,0,0,1,1,0,0
perfect_training_067,1,0,1,0,1,0,0,0,1,0,1,0,1,1,1,0,0,0,0,0,0,1,1,1,0,0,1,0,0,0,0,0,0,0,0,0,1,0,0,0,1,1,0,0,1,0,1,0,1,0,1,1,1,0,1,1,0,0,1,0,1,0,0,1,0,0,0,1,0,1,0,1,1,0,0,0,0,1,0,0
perfect_training_068,0,1,0,1,0,1,0,1,1,1,0,0,0,1,0,0,1,0,0,0,1,0,0,0,0,0,0,0,0,0,0,0,0,1,0,1,1,0,0,0,0,0,0,0,0,1,1,0,0,1,1,0,0,1,0,0,1,0,1,0,1,1,0,0,0,1,1,0,0,0,0,0,1,0,0,0,0,0,0,0
perfect_training_069,1,0,1,0,1,0,0,0,0,0,0,0,0,0,0,1,1,0,0,0,0,0,0,0,0,0,1,0,0,0,0,1,0,0,0,1,1,0,1,1,1,0,1,1,0,0,1,1,0,0,0,1,1,0,1,0,1,1,1,0,0,1,0,1,0,0,0,0,0,1,0,1,0,0,0,0,1,0,0,0
perfect_training_070,1,0,1,0,1,0,0,1,0,0,0,0,0,0,0,0,0,0,0,0,0,0,0,1,1,0,0,0,0,0,1,1,0,0,1,1,0,1,0,1,1,0,0,0,0,0,1,0,1,0,1,0,1,1,0,1,0,0,0,0,1,0,0,1,1,1,0,0,0,1,0,0,0,0,0,0,0,0,0,0
perfect_training_071,1,0,1,0,1,0,0,0,0,0,1,1,0,1,0,0,1,0,1,0,0,0,0,1,0,0,0,0,0,0,0,0,1,0,0,0,0,1,0,0,0,0,1,0,1,1,0,0,0,0,1,1,1,1,0,0,0,1,0,0,1,0,0,0,0,0,0,0,0,0,0,0,0,0,0,0,0,0,1,1
perfect_training_072,0,1,0,1,0,1,0,0,0,0,0,0,1,1,0,0,1,0,1,0,0,0,0,0,1,0,0,0,0,0,1,1,0,1,0,1,1,1,0,1,1,1,0,0,0,1,0,0,1,0,1,1,0,0,0,1,1,1,0,0,1,0,0,1,1,0,1,0,0,0,0,0,0,1,0,0,0,0,1,0
perfect_training_073,0,1,0,1,0,1,0,0,0,1,1,0,0,1,1,0,0,0,1,0,1,0,1,0,0,0,0,0,0,1,0,1,0,0,1,0,1,0,1,0,1,1,0,0,0,0,1,0,0,1,0,1,1,0,1,0,1,1,0,0,0,0,0,1,0,1,1,0,0,0,0,0,0,0,0,0,0,0,0,0
perfect_training_074,1,0,1,0,1,0,1,1,0,1,0,1,0,0,1,0,0,0,0,0,1,0,0,1,0,0,0,0,0,0,0,1,0,0,1,1,0,0,0,0,1,1,1,0,1,0,1,0,0,1,0,1,0,1,1,1,0,0,0,0,0,0,0,0,1,0,1,0,0,0,0,1,0,1,0,0,0,0,1,0
perfect_training_075,1,0,1,0,1,0,0,1,1,1,1,0,1,1,1,0,1,1,1,1,1,0,0,0,0,0,0,0,1,1,1,0,0,1,1,1,0,1,0,0,0,0,0,0,1,1,0,0,0,0,0,0,0,1,0,0,0,1,0,0,0,0,1,0,1,1,0,0,1,0,1,1,0,0,0,0,1,0,1,0
perfect_training_076,0,1,0,1,0,1,1,0,0,1,0,1,1,1,1,0,1,0,0,0,1,0,0,0,0,1,1,0,0,0,0,1,0,1,1,0,0,0,0,1,1,1,0,0,0,0,1,1,0,0,1,1,1,0,0,0,0,0,0,0,1,1,0,0,1,1,0,0,0,0,0,1,0,0,0,0,0,0,1,1
perfect_training_077,1,0,1,0,1,0,0,1,1,1,0,0,1,0,1,0,0,1,1,1,1,0,0,0,0,1,0,0,0,0,0,1,0,0,0,1,1,0,0,0,0,0,0,1,0,1,0,0,0,1,1,1,0,0,0,0,0,0,0,0,1,1,1,1,0,0,0,0,1,0,1,1,1,0,1,0,0,0,0,0
perfect_training_078,1,0,1,0,1,0,1,0,1,0,0,1,1,0,0,0,0,0,0,1,1,0,0,0,1,0,0,1,0,0,1,0,0,0,0,1,0,1,0,1,0,0,0,0,0,1,0,0,1,0,0,1,1,0,1,0,0,0,1,0,0,1,1,0,0,1,0,1,0,0,0,1,0,1,0,1,0,0,1,1
perfect_training_079,0,1,0,1,0,1,1,0,0,0,0,1,0,0,0,0,0,0,0,1,0,0,0,1,1,1,0,0,0,0,0,1,0,0,0,0,1,0,0,1,0,0,0,0,1,0,1,1,0,0,0,1,1,0,0,0,0,0,1,0,0,0,1,0,1,1,0,0,0,1,0,1,0,1,0,0,0,0,1,0
perfect_training_080,1,0,1,0,1,0,0,1,1,0,1,1,0,0,1,1,0,0,1,0,1,0,0,0,0,0,0,1,0,1,1,1,0,0,1,0,1,0,0,0,0,1,0,0,1,1,0,0,0,0,0,0,0,0,0,1,0,0,0,0,0,0,0,0,0,1,0,0,0,0,0,1,0,0,0,0,0,0,0,1
perfect_training_081,1,0,1,0,1,0,1,1,1,0,0,0,1,0,0,0,0,0,1,0,0,0,0,0,0,0,0,0,0,0,0,1,0,0,0,1,1,1,0,1,1,0,0,0,0,0,0,0,0,1,1,1,0,0,1,0,0,0,0,0,1,0,0,0,1,1,0,0,0,0,0,1,1,1,0,0,0,0,0,0
perfect_training_082,1,0,1,0,1,0,1,1,1,0,1,1,1,1,0,0,1,0,0,0,0,0,0,1,1,0,0,0,0,0,0,1,0,0,1,0,0,0,0,0,0,0,0,0,1,1,0,0,0,0,0,1,0,0,0,0,0,1,0,0,1,1,0,1,1,0,1,0,0,0,0,1,0,1,0,1,0,0,0,0
perfect_training_083,0,1,0,1,0,1,0,0,0,1,1,1,1,1,0,1,1,0,1,0,0,0,0,0,0,0,0,0,0,0,1,1,0,0,0,1,1,1,0,1,1,1,0,0,1,0,0,0,0,0,0,0,1,1,1,0,0,0,0,0,0,1,0,1,0,1,0,0,1,0,0,1,0,0,0,0,1,0,0,0
perfect_training_084,0,1,0,1,0,1,0,0,0,1,0,1,0,1,0,0,0,0,1,1,1,1,0,0,0,0,0,1,1,0,0,1,0,1,1,1,1,0,0,0,1,1,0,0,0,1,0,0,1,0,1,0,0,0,1,1,0,0,1,0,1,1,0,0,1,1,1,0,1,0,0,1,0,0,0,0,0,0,0,0
perfect_training_085,1,0,1,0,1,0,0,1,0,1,0,1,0,0,1,1,1,0,1,0,1,0,0,1,0,0,0,0,0,0,1,0,1,1,0,1,0,0,0,0,1,0,1,0,0,0,1,0,0,1,0,0,1,0,1,0,0,0,0,0,0,1,0,0,0,0,0,0,1,0,0,0,1,1,0,0,0,0,1,0
perfect_training_086,1,0,1,0,1,0,0,0,0,0,1,0,0,1,1,0,1,0,0,0,1,0,0,0,0,0,0,1,1,0,0,0,0,0,0,1,0,1,0,1,1,1,1,0,0,0,0,0,1,1,0,0,0,0,1,0,1,0,0,0,0,1,0,1,1,0,1,0,0,1,0,1,0,0,0,0,0,0,0,0
perfect_training_087,1,0,1,0,1,0,1,0,0,0,0,1,1,0,1,1,0,0,0,0,1,1,0,0,0,0,0,0,0,0,0,1,0,0,1,1,0,1,0,0,1,1,0,0,1,0,1,0,0,0,0,0,1,0,0,0,1,0,1,0,0,0,0,1,0,1,1,0,0,0,0,1,0,1,0,0,1,0,0,1
perfect_training_088,0,1,0,1,0,1,1,1,1,0,0,0,0,1,0,0,0,1,1,1,0,1,1,0,0,0,0,0,1,0,0,1,1,0,0,0,1,0,1,0,1,1,1,0,1,0,0,0,1,0,0,1,1,1,1,0,0,1,0,0,0,1,0,0,1,0,0,0,0,0,0,1,1,1,1,0,0,0,1,0
perfect_training_089,0,1,0,1,0,1,0,1,1,1,0,1,1,0,0,0,0,0,0,1,1,1,0,1,0,0,1,0,0,0,0,1,1,1,0,0,0,0,0,0,0,0,0,0,0,1,0,1,0,0,1,0,0,1,1,0,1,0,1,0,0,0,0,0,0,1,1,0,0,0,0,1,0,0,0,0,1,0,0,0
perfect_training_090,1,0,1,0,1,0,1,0,0,1,0,1,1,1,0,1,0,0,0,0,1,1,0,1,0,1,1,0,1,0,0,1,0,0,0,1,0,0,0,0,1,1,1,0,0,1,0,1,0,0,1,1,1,0,0,0,1,1,1,0,0,0,0,0,0,1,0,0,0,0,0,1,0,1,0,0,0,0,0,0
perfect_training_091,1,0,1,0,1,0,1,1,0,1,0,0,1,1,0,1,0,0,1,0,1,1,1,0,0,0,0,0,0,0,0,0,1,1,0,0,0,1,0,1,1,1,1,1,1,0,0,0,0,0,0,0,1,0,0,0,0,1,0,0,1,1,0,0,1,0,0,1,0,0,0,0,0,0,0,0,0,0,1,0
perfect_training_092,1,0,1,0,1,0,0,1,0,1,0,0,1,1,0,1,1,0,0,0,0,0,0,0,0,0,0,0,0,0,0,0,0,1,0,0,1,0,0,1,1,0,0,0,0,0,0,1,0,0,1,0,0,1,1,0,1,0,0,0,0,0,0,1,0,0,1,0,0,1,0,0,0,0,0,0,0,0,1,1
perfect_training_093,0,1,0,1,0,1,1,1,1,0,0,0,1,1,0,0,0,0,1,0,0,0,0,1,1,1,0,0,0,1,0,0,1,0,0,1,0,1,1,0,1,1,1,0,1,1,0,1,1,0,0,1,1,0,1,1,1,0,0,0,1,1,0,0,0,0,1,0,0,0,0,1,0,0,0,0,0,0,1,0
perfect_training_094,1,0,1,0,1,0,1,1,0,0,0,0,0,1,0,0,0,0,0,0,1,0,0,1,0,1,0,1,0,1,0,1,0,1,1,0,0,1,0,0,1,0,1,0,0,0,1,0,0,0,0,0,0,0,1,1,0,0,0,0,0,0,1,0,0,0,1,1,0,0,1,0,0,0,1,0,0,0,0,1
perfect_training_095,0,1,0,1,0,1,0,0,0,1,0,0,0,1,0,0,1,1,0,0,1,1,0,1,0,0,0,0,0,1,0,1,0,0,1,0,1,0,0,0,1,0,1,0,0,0,1,0,1,0,1,1,0,0,1,1,1,1,1,0,1,0,0,0,1,1,1,0,0,0,0,1,0,0,0,1,0,1,0,0
perfect_training_096,1,0,1,0,1,0,0,0,1,1,0,0,0,0,1,0,1,0,1,0,1,1,0,0,0,0,0,0,1,0,0,0,0,0,0,0,0,1,0,0,1,1,0,0,0,0,1,0,0,0,0,0,0,0,1,0,1,1,0,0,1,1,0,1,1,0,0,1,0,0,0,0,0,0,0,0,0,1,0,0
perfect_training_097,0,1,0,1,0,1,0,0,0,1,0,0,1,1,1,0,0,0,1,1,0,0,0,1,0,0,0,0,0,0,0,0,0,1,0,0,0,0,1,0,0,0,0,0,0,0,0,0,0,1,1,0,1,0,0,1,1,0,0,0,0,1,1,0,1,1,1,0,0,0,0,0,0,1,0,0,0,1,0,0
perfect_training_098,1,0,1,0,1,0,0,0,1,1,1,1,0,1,1,0,1,1,0,1,1,0,0,1,0,0,0,0,0,0,0,0,0,1,1,1,0,1,1,0,1,1,0,0,1,1,0,0,1,0,0,0,1,0,1,1,1,1,1,0,1,0,0,1,0,0,1,0,0,0,0,0,0,1,0,0,1,1,0,1
perfect_training_099,1,0,1,0,1,0,1,0,0,0,1,0,1,1,0,0,0,1,0,1,1,1,0,1,0,0,0,0,0,0,0,1,1,0,1,1,0,1,1,0,0,0,0,0,0,0,1,0,0,0,0,0,0,0,0,0,0,1,0,0,0,0,1,1,1,0,1,0,0,0,0,0,1,0,0,0,0,1,0,0
perfect_training_100,0,1,0,1,0,1,0,1,1,1,0,1,0,1,0,0,1,0,0,1,0,1,0,0,0,0,0,0,0,0,0,1,1,1,0,0,1,0,0,0,0,0,1,0,1,0,0,0,0,0,1,0,1,0,0,0,0,1,1,0,0,0,0,0,0,0,0,0,1,0,0,1,0,0,0,0,0,0,0,0
perfect_training_101,1,0,1,0,1,0,1,1,0,1,0,0,0,0,1,0,0,0,0,1,1,1,1,0,0,0,1,0,0,0,0,1,1,1,1,1,1,0,1,1,0,0,0,0,1,0,1,0,1,0,1,1,0,0,0,0,1,1,1,0,0,0,1,1,0,0,1,1,0,0,0,1,0,0,0,1,0,0,0,0
perfect_training_102,0,1,0,1,0,1,1,1,0,0,0,0,0,0,0,0,1,0,0,0,0,0,1,1,1,0,0,0,0,0,0,1,1,1,0,0,0,0,0,1,0,0,0,1,1,0,1,1,0,0,1,1,1,1,1,0,0,1,0,0,0,0,0,0,0,1,0,0,0,0,0,0,0,1,0,1,0,1,0,0
perfect_training_103,1,0,1,0,1,0,1,0,0,0,1,1,0,0,1,1,1,0,0,0,0,0,0,1,0,0,0,1,0,0,0,1,1,0,1,0,0,0,0,0,0,0,0,0,0,1,0,1,1,0,0,0,0,0,0,1,0,0,1,0,1,0,0,0,1,0,1,1,1,0,0,0,0,1,0,0,1,1,0,0
perfect_training_104,0,1,0,1,0,1,0,1,0,0,0,0,1,1,1,0,1,1,1,0,1,1,1,1,0,1,0,0,0,1,0,0,0,0,0,0,0,1,0,1,0,0,0,1,1,1,0,0,0,1,1,1,0,0,0,0,0,1,0,0,1,1,0,0,0,0,1,0,0,0,0,1,0,1,0,0,0,0,0,0
perfect_training_105,0,1,0,1,0,1,0,0,0,1,1,0,0,1,1,0,0,0,1,0,0,0,0,0,0,1,0,0,0,0,0,1,1,0,0,0,0,0,0,0,0,1,1,0,0,0,0,0,1,0,0,1,0,1,1,1,0,0,0,0,1,0,0,0,1,1,1,1,1,0,0,0,0,1,0,0,0,1,0,0
perfect_training_106,1,0,1,0,1,0,1,0,0,1,0,0,1,1,1,0,1,0,1,0,0,0,0,0,0,0,0,0,0,0,0,0,0,0,1,0,0,0,0,0,1,1,0,1,1,1,0,0,0,0,0,0,1,0,0,1,1,0,1,0,1,1,0,0,0,1,1,0,0,0,1,1,1,1,1,0,0,0,0,1
perfect_training_107,1,0,1,0,1,0,0,1,0,1,0,1,1,1,0,0,1,0,1,0,0,0,0,1,0,0,0,0,0,0,0,0,0,0,1,0,1,0,0,0,0,0,0,0,0,0,1,0,1,0,0,0,1,0,0,0,0,1,0,0,0,1,1,0,0,1,0,0,0,0,1,1,0,0,0,1,1,1,1,0
perfect_training_108,0,1,0,1,0,1,0,0,1,0,1,0,0,1,0,0,0,0,1,0,1,0,1,0,0,0,0,0,0,1,0,1,1,0,0,0,0,0,0,1,1,1,1,0,0,1,1,0,1,0,0,1,0,0,1,0,1,1,1,0,0,0,0,1,0,1,1,1,0,0,0,0,1,1,0,0,0,1,0,0
perfect_training_109,1,0,1,0,1,0,1,1,1,0,1,0,0,0,0,0,0,0,0,1,1,0,0,0,0,0,0,0,0,1,0,0,0,0,0,0,1,0,1,1,0,1,0,0,0,1,1,0,0,0,1,0,1,0,0,0,1,0,0,0,0,0,0,0,0,1,1,0,0,1,0,1,0,1,1,1,0,1,0,0
perfect_training_110,1,0,1,0,1,0,0,0,1,1,0,1,0,0,1,0,0,1,0,0,0,0,0,1,1,0,0,1,0,0,0,0,0,0,0,0,0,1,0,1,0,1,1,0,1,0,0,0,1,0,0,0,1,0,1,0,0,0,0,0,1,0,0,0,0,0,1,1,0,1,0,0,0,0,0,0,0,0,0,0
perfect_training_111,1,0,1,0,1,0,0,0,0,1,0,0,0,1,0,1,0,0,0,0,1,1,0,1,1,0,1,0,1,0,1,0,1,0,0,0,1,1,0,0,1,0,1,0,0,0,1,0,0,0,0,1,1,0,1,0,0,0,0,1,1,0,0,0,0,0,1,0,0,0,0,1,0,1,0,0,1,0,1,1
perfect_training_112,1,0,1,0,1,0,0,1,1,1,0,0,0,0,0,0,1,0,0,1,0,0,0,0,0,0,0,0,0,0,0,1,0,0,0,0,1,0,1,1,1,1,0,0,1,0,0,0,0,1,1,0,0,0,1,1,1,1,1,0,1,0,0,0,0,0,0,0,0,0,1,0,0,0,1,0,1,0,0,1
perfect_training_113,1,0,1,0,1,0,1,1,1,1,0,0,1,1,1,0,0,0,0,0,1,0,0,1,1,1,0,0,0,0,0,0,1,0,1,0,1,0,0,1,0,1,0,0,1,1,0,1,1,0,1,0,0,0,0,0,1,0,0,0,1,0,0,1,1,0,0,0,1,0,0,1,1,0,0,0,0,0,0,0
perfect_training_114,1,0,1,0,1,0,0,1,0,0,0,0,0,0,0,0,0,0,0,0,0,1,0,0,0,0,1,0,0,1,0,1,1,0,0,1,0,1,0,1,1,1,1,0,0,0,0,0,1,0,1,0,0,1,1,0,0,1,1,1,1,1,0,0,0,0,0,0,0,0,0,0,0,0,0,0,0,1,1,0
perfect_training_115,0,1,0,1,0,1,1,0,1,1,1,1,1,0,0,0,1,0,1,0,0,1,1,1,0,1,1,0,0,0,0,0,1,0,0,0,0,0,0,0,1,1,0,0,0,1,1,0,1,0,1,1,1,0,1,0,0,0,1,0,0,1,0,0,0,1,1,0,1,1,0,1,0,1,0,0,0,0,1,1
perfect_training_116,0,1,0,1,0,1,0,0,0,0,1,0,0,0,1,0,1,0,1,0,0,0,0,0,0,0,1,0,0,0,0,0,0,1,0,1,1,0,0,0,1,0,0,0,1,0,1,0,0,0,0,0,0,0,0,0,0,1,0,0,1,1,0,0,0,1,1,0,0,0,0,1,0,1,0,1,1,0,0,0
perfect_training_117,1,0,1,0,1,0,0,0,0,0,1,1,0,0,0,0,1,1,1,0,1,0,0,1,1,0,0,0,0,0,0,0,0,0,1,0,0,1,0,0,0,0,1,0,0,1,0,0,0,1,0,1,0,0,1,0,1,1,1,0,1,0,0,1,0,0,1,1,0,0,1,0,0,0,0,1,0,0,1,1
perfect_training_118,0,1,0,1,0,1,0,1,1,1,1,0,0,0,0,1,0,0,0,1,1,1,1,0,0,0,1,0,0,0,0,0,0,0,0,1,1,0,0,0,1,0,0,0,0,0,0,0,1,0,0,0,0,0,1,0,0,1,0,0,1,1,0,0,0,1,1,0,0,0,1,0,0,0,1,1,0,0,0,0
perfect_training_119,1,0,1,0,1,0,1,0,0,1,0,0,1,0,1,0,1,0,1,0,1,1,0,0,0,0,0,0,0,0,1,1,0,0,1,0,1,0,0,0,0,0,1,0,0,0,0,0,0,0,0,1,0,1,0,0,1,0,0,0,1,1,0,0,1,0,0,0,0,0,0,1,0,1,1,0,0,0,0,0
perfect_training_120,0,1,0,1,0,1,0,1,1,1,0,0,0,1,0,0,1,0,1,0,0,0,0,1,0,0,0,0,1,0,1,1,0,0,1,0,0,1,1,0,0,1,0,0,1,0,1,0,0,1,0,1,0,0,1,0,1,0,1,0,0,1,0,1,0,0,0,0,0,1,1,1,0,0,0,1,0,1,1,0
perfect_training_121,0,1,0,1,0,1,1,0,0,0,0,1,0,0,0,0,1,0,1,0,0,0,0,1,1,0,1,1,0,0,0,1,0,0,0,0,0,0,0,0,0,0,1,1,0,0,0,0,1,0,0,0,0,0,0,0,1,1,0,0,1,1,0,0,0,0,1,1,0,0,0,0,0,0,0,1,0,1,0,0
perfect_training_122,0,1,0,1,0,1,1,1,1,0,1,0,1,0,0,0,0,0,0,1,1,1,0,0,0,0,0,0,0,0,0,1,1,1,0,1,1,0,0,0,0,1,0,0,1,0,0,0,0,1,0,1,1,1,0,1,0,0,1,0,0,1,0,0,0,0,0,0,0,0,0,1,0,0,0,0,0,0,1,0
perfect_training_123,0,1,0,1,0,1,1,0,0,0,1,1,0,0,0,0,1,0,0,0,1,0,0,0,0,0,0,0,0,0,0,1,1,0,0,0,1,0,1,0,0,0,0,0,1,1,0,0,1,1,1,1,0,0,1,0,1,0,0,0,1,1,0,0,1,1,1,0,0,0,0,1,1,0,0,0,0,1,0,1
perfect_training_124,0,1,0,1,0,1,1,0,0,0,0,0,0,0,0,0,1,0,0,1,0,1,0,1,0,0,1,0,0,1,1,1,0,0,0,0,0,0,1,1,1,0,0,1,0,0,0,1,0,0,1,1,1,1,1,0,0,1,1,0,0,1,0,0,0,0,1,1,0,1,0,1,0,1,0,0,0,0,0,0
perfect_training_125,0,1,0,1,0,1,0,0,1,0,0,1,0,0,0,0,0,0,0,0,0,0,0,0,0,1,0,0,0,0,0,0,0,1,1,0,0,0,0,0,1,1,0,0,1,0,1,0,0,0,1,0,1,0,0,0,0,1,0,0,0,0,0,0,0,0,1,0,0,0,0,1,0,0,0,0,0,0,0,0
perfect_training_126,1,0,1,0,1,0,1,0,1,1,1,0,0,0,1,0,0,0,0,0,1,0,0,1,0,0,0,1,0,0,0,1,0,0,1,0,0,0,0,0,1,0,0,0,0,0,0,1,1,0,1,0,0,0,1,0,0,0,0,0,0,0,0,1,1,0,0,0,0,0,0,1,0,0,0,0,0,0,0,1
perfect_training_127,1,0,1,0,1,0,0,1,0,0,0,1,1,1,1,0,0,0,1,0,1,0,0,1,1,0,0,0,0,0,1,1,1,0,1,0,1,0,0,0,0,1,1,0,0,1,1,0,1,1,0,0,1,1,0,1,0,0,0,0,1,1,0,1,0,1,0,0,0,0,1,0,0,0,0,1,0,0,1,1
perfect_training_128,0,1,0,1,0,1,1,1,0,0,0,1,0,0,0,0,0,1,0,0,1,0,1,0,0,0,0,0,0,0,0,0,0,0,1,1,0,1,0,0,1,1,0,0,0,0,0,0,0,0,0,1,1,0,0,0,0,0,0,0,0,0,0,0,1,0,1,0,0,0,0,1,1,0,0,0,0,1,0,1
perfect_training_129,0,1,0,1,0,1,1,0,1,1,0,0,0,1,1,0,0,1,0,0,0,0,0,0,0,0,0,0,0,0,1,1,0,0,1,0,1,0,0,1,1,1,1,0,0,1,0,1,0,0,0,0,1,0,0,0,0,1,0,0,1,0,0,0,0,0,0,0,0,0,0,0,1,1,0,0,0,0,0,0
perfect_training_130,1,0,1,0,1,0,0,0,0,1,0,0,1,0,0,0,0,0,0,0,1,0,0,0,0,0,0,0,0,0,0,0,1,0,0,0,1,0,0,0,1,0,1,0,1,0,0,0,1,1,1,0,0,0,1,1,0,0,0,0,1,1,0,0,0,1,1,0,1,0,0,1,0,0,0,0,0,1,0,1
perfect_training_131,1,0,1,0,1,0,1,0,1,1,0,1,0,0,1,1,0,1,1,0,0,1,0,0,1,0,0,0,0,0,0,0,0,0,1,0,0,0,0,0,0,0,1,0,1,1,1,0,0,0,0,0,1,0,0,0,0,0,1,0,0,0,0,0,0,1,0,1,1,0,0,1,0,0,0,0,0,1,1,0
perfect_training_132,1,0,1,0,1,0,1,0,0,1,0,0,0,0,0,0,1,0,0,0,1,0,0,1,0,0,1,0,1,0,0,1,0,0,0,0,1,0,0,1,0,0,1,0,1,0,1,0,1,1,1,1,0,0,0,1,0,1,0,0,1,0,0,0,0,1,1,1,1,0,0,1,0,1,0,1,1,0,0,0
perfect_training_133,0,1,0,1,0,1,0,0,0,1,0,0,1,1,1,0,1,1,1,0,0,0,0,0,0,0,0,1,0,1,1,0,1,0,0,1,0,1,1,0,1,1,1,0,0,1,0,1,1,0,0,0,1,1,0,1,1,1,0,0,1,1,1,0,1,0,1,1,1,0,0,0,0,1,0,1,0,0,0,0
perfect_training_134,0,1,0,1,0,1,0,0,1,1,0,0,1,0,0,0,0,0,1,0,1,1,0,1,0,0,0,1,0,0,0,0,1,0,0,0,0,0,0,0,0,0,0,0,0,0,1,1,1,0,1,0,1,1,0,0,1,1,0,0,1,0,0,1,0,1,1,1,0,0,0,1,0,1,1,0,0,0,0,1
perfect_training_135,0,1,0,1,0,1,1,0,1,1,1,1,0,1,1,0,0,0,0,0,1,0,0,0,0,0,0,0,0,0,0,1,0,0,1,1,0,0,0,0,0,1,0,0,1,0,1,0,1,0,1,1,0,1,1,0,0,1,0,0,1,0,1,0,0,1,1,0,0,0,0,0,0,0,0,0,1,0,1,0
perfect_training_136,0,1,0,1,0,1,1,1,0,1,1,0,1,0,0,0,0,0,0,0,1,0,1,1,0,1,0,0,1,0,0,1,0,0,0,1,1,1,0,0,0,1,0,1,1,0,0,0,1,0,0,1,0,0,1,1,0,1,1,0,1,1,1,0,0,0,1,0,0,1,0,0,0,1,0,0,1,0,0,0
perfect_training_137,1,0,1,0,1,0,1,1,1,1,1,0,1,0,0,1,1,1,1,0,0,1,0,1,0,0,0,0,0,0,0,1,1,0,1,0,1,0,0,1,0,0,0,0,1,0,0,1,1,1,0,0,0,0,0,0,1,1,1,0,0,1,0,0,1,0,1,0,1,0,1,1,0,0,0,0,0,0,1,0
perfect_training_138,0,1,0,1,0,1,1,1,1,1,1,0,0,0,0,0,0,0,0,1,0,0,1,0,0,0,0,0,0,0,0,1,1,0,0,1,0,0,0,0,0,0,1,0,0,1,0,0,0,0,0,1,1,0,1,0,1,0,0,0,0,0,0,1,0,0,0,1,0,1,1,1,0,1,0,1,0,1,1,0
perfect_training_139,0,1,0,1,0,1,0,1,1,1,1,1,0,0,0,1,0,0,0,0,0,0,1,0,0,0,0,0,1,0,1,1,0,0,0,0,1,0,0,1,0,0,1,0,0,1,1,0,0,0,0,0,0,0,0,0,0,1,1,0,1,0,0,0,1,1,0,0,1,1,1,1,0,1,0,0,1,0,0,0
perfect_training_140,0,1,0,1,0,1,1,0,0,1,1,0,0,0,0,0,1,1,0,0,1,0,0,1,1,0,0,1,1,1,1,0,0,1,0,1,0,0,0,0,0,1,0,0,1,1,0,0,0,1,0,1,0,0,0,0,1,1,0,0,0,0,0,1,0,1,0,1,0,1,0,1,0,1,1,0,0,1,0,1
perfect_training_141,0,1,0,1,0,1,0,1,1,0,0,0,1,0,0,0,0,0,0,0,1,1,1,0,0,0,0,0,0,0,0,0,0,0,0,0,1,1,0,1,0,1,0,0,0,1,0,0,0,1,1,1,1,0,0,0,0,0,0,0,0,0,0,0,0,1,1,0,0,0,0,1,0,0,0,0,1,1,0,1
perfect_training_142,1,0,1,0,1,0,1,0,1,0,0,0,0,0,0,0,0,1,0,0,0,0,1,0,0,0,0,0,0,0,0,1,0,1,0,0,1,0,1,0,1,1,1,0,0,1,1,0,0,0,0,0,1,1,0,0,0,0,1,0,0,0,0,0,0,1,1,0,1,0,0,0,1,1,0,0,0,0,0,0
perfect_training_143,1,0,1,0,1,0,0,0,1,0,1,0,1,0,0,0,0,1,0,0,0,1,0,0,0,0,0,0,1,0,0,0,0,0,0,1,1,1,0,0,1,1,1,0,1,0,1,0,1,0,1,0,1,1,1,0,0,1,0,0,0,1,0,0,0,1,1,0,0,0,0,1,1,1,1,0,1,1,0,1
perfect_training_144,0,1,0,1,0,1,1,0,0,0,0,0,0,0,1,1,1,0,0,0,0,0,1,1,1,0,0,0,1,1,1,0,0,1,0,0,1,1,0,1,0,0,0,0,1,1,0,0,0,1,0,1,1,0,0,0,1,1,1,0,0,0,0,0,0,0,1,1,1,0,0,1,0,0,0,0,0,1,1,0
perfect_training_145,0,1,0,1,0,1,0,0,1,1,1,0,1,1,0,0,0,0,1,0,1,1,0,0,0,0,1,0,0,0,1,1,0,0,0,0,1,0,1,0,0,1,1,0,0,1,0,1,0,0,0,1,0,0,1,0,0,0,0,1,0,0,0,0,1,1,1,0,0,1,0,1,0,0,0,0,0,0,0,1
perfect_training_146,1,0,1,0,1,0,1,0,1,0,1,1,0,1,0,0,0,0,0,0,1,1,0,0,0,0,0,1,0,0,0,1,1,0,1,1,0,0,0,0,0,0,0,0,0,0,0,0,0,1,0,0,1,0,1,1,0,0,0,0,0,1,0,1,0,0,0,1,0,0,0,0,0,1,0,0,0,1,0,0
perfect_training_147,1,0,1,0,1,0,0,0,0,0,0,0,1,0,0,1,0,0,0,0,1,0,0,0,1,0,0,0,1,0,0,1,0,0,1,1,1,0,0,1,1,1,0,0,1,0,0,0,0,1,0,1,1,0,1,0,1,0,0,0,1,1,0,0,0,0,0,0,0,0,0,0,0,0,0,0,0,0,1,0
perfect_training_148,0,1,0,1,0,1,0,0,0,0,0,0,1,1,0,0,0,0,0,0,0,0,0,0,0,0,0,0,0,0,0,1,1,0,1,1,0,0,0,1,0,0,1,0,0,1,0,0,0,0,0,0,1,0,1,0,1,0,0,0,1,0,1,0,0,1,0,1,0,1,0,0,0,0,0,0,0,0,0,0
perfect_training_149,1,0,1,0,1,0,0,0,1,0,0,1,0,0,0,0,0,0,1,0,0,0,1,0,0,0,0,0,0,0,0,0,0,1,0,0,0,0,0,0,0,1,0,1,0,1,0,0,0,1,0,1,0,0,1,0,1,0,1,0,1,0,0,0,0,1,1,1,1,0,0,0,0,1,0,0,0,1,1,0
perfect_training_150,0,1,0,1,0,1,1,0,0,1,0,0,0,0,0,0,0,0,0,0,0,1,0,1,0,0,0,0,0,1,0,0,0,0,1,1,1,1,0,0,1,0,0,0,0,1,0,1,0,0,0,1,1,0,1,0,0,1,0,0,0,0,0,0,1,0,1,0,1,0,0,1,0,0,0,0,0,1,0,1
perfect_training_151,0,1,0,1,0,1,0,1,0,0,1,0,1,0,1,0,0,0,0,0,1,0,0,1,0,0,0,0,1,0,0,0,0,1,1,0,1,1,0,0,1,0,0,0,0,1,0,0,1,1,0,0,0,0,1,0,0,1,1,1,0,1,0,0,1,1,0,0,1,1,0,1,0,1,0,0,0,0,0,0
perfect_training_152,0,1,0,1,0,1,1,0,0,0,0,0,0,1,0,1,0,0,0,0,0,0,0,1,0,0,0,0,0,0,0,0,1,1,0,1,0,0,0,0,0,1,1,0,0,0,0,0,0,0,1,0,1,1,0,0,0,0,1,0,0,0,0,0,0,0,1,1,0,1,0,1,0,1,0,0,0,0,0,0
perfect_training_153,0,1,0,1,0,1,0,1,1,1,1,0,1,0,0,0,0,0,0,0,0,0,0,0,0,0,1,1,0,1,0,0,0,0,1,0,1,0,1,0,1,1,1,0,1,0,0,0,1,0,0,0,0,1,0,0,0,1,1,1,0,0,0,0,0,0,0,0,0,0,1,1,0,1,0,0,0,0,0,1
perfect_training_154,1,0,1,0,1,0,0,0,1,1,1,0,1,0,0,0,0,0,0,0,1,1,0,0,0,0,0,0,0,0,0,1,0,0,0,1,1,1,0,0,0,0,0,0,1,1,1,0,1,0,0,0,1,0,0,0,0,1,0,0,1,0,0,0,1,0,0,1,0,0,0,1,0,1,0,0,1,1,0,1
perfect_training_155,0,1,0,1,0,1,0,0,1,0,0,1,0,1,0,0,1,0,1,0,1,0,0,0,0,0,1,0,0,0,0,0,0,1,0,0,1,0,1,1,0,0,1,0,0,1,0,0,0,0,0,1,0,0,1,0,0,0,0,0,0,1,0,1,1,0,0,0,1,0,0,0,0,1,0,0,0,0,1,0
perfect_training_156,0,1,0,1,0,1,0,1,1,0,1,0,0,1,1,0,0,0,0,0,0,0,0,1,0,0,0,0,0,0,0,1,0,0,1,1,0,0,0,0,0,0,0,0,1,1,1,0,0,1,1,0,1,0,1,0,1,0,1,0,1,0,0,0,0,1,0,0,0,0,0,0,1,0,0,0,0,0,1,0
perfect_training_157,0,1,0,1,0,1,0,1,1,1,0,0,0,0,1,0,1,0,0,0,0,0,0,1,0,0,0,0,0,1,1,1,0,0,0,1,0,0,1,1,0,0,0,0,0,1,0,0,1,1,0,0,0,1,0,0,0,0,0,0,0,1,0,0,0,1,0,0,0,0,0,1,1,1,0,0,0,0,0,1
perfect_training_158,0,1,0,1,0,1,0,0,0,0,0,1,1,1,1,0,0,1,0,0,0,0,0,1,0,1,0,0,0,0,0,0,0,0,1,0,1,0,0,0,1,0,0,0,1,0,0,0,1,0,0,1,0,0,0,0,0,1,0,0,1,0,0,0,0,1,0,1,0,0,0,1,0,1,0,0,0,1,0,0
perfect_training_159,1,0,1,0,1,0,0,1,1,0,1,0,0,0,1,1,0,0,0,0,1,1,0,0,0,0,1,0,0,1,0,1,0,0,0,0,0,0,0,0,0,1,0,0,0,1,1,0,1,0,0,0,1,0,0,0,0,0,0,0,0,0,0,0,0,1,0,0,0,0,0,1,0,1,0,1,0,0,0,0
perfect_training_160,0,1,0,1,0,1,0,1,0,1,0,0,1,1,1,0,0,0,0,0,0,1,0,1,0,0,0,0,1,1,0,1,1,0,1,1,0,0,0,0,0,1,0,1,0,1,0,0,0,1,0,0,0,0,0,1,1,1,0,0,0,0,0,0,0,1,0,0,0,0,0,1,0,1,0,0,0,0,0,0
perfect_external_001,0,1,0,1,0,1,1,1,0,1,1,1,1,1,1,0,0,1,1,0,1,1,0,0,0,1,0,0,1,0,1,1,1,0,0,0,0,0,0,0,0,1,1,0,1,0,0,1,0,1,0,0,0,0,0,1,0,1,0,0,0,1,0,0,0,1,0,0,0,0,1,1,0,0,0,0,0,1,1,1
perfect_external_002,1,0,1,0,1,0,1,0,1,0,1,1,0,0,0,0,0,0,0,0,0,0,1,1,0,0,0,0,0,0,0,0,0,0,0,0,0,1,0,1,1,0,1,0,1,0,0,0,0,1,0,1,0,0,0,0,0,1,0,0,1,0,0,0,1,1,1,0,0,0,0,0,0,0,0,0,0,0,1,0
perfect_external_003,0,1,0,1,0,1,0,0,0,1,1,0,0,0,0,1,0,0,0,1,0,1,0,0,0,0,1,0,1,0,1,0,0,0,0,0,1,0,0,0,1,1,1,0,1,0,0,0,1,0,0,0,0,0,0,0,0,0,1,1,0,1,0,0,1,0,1,0,0,0,0,1,0,0,0,0,0,0,0,0
perfect_external_004,1,0,1,0,1,0,0,1,0,1,0,0,0,0,0,0,0,1,0,0,0,0,0,1,1,0,0,0,0,0,1,1,0,0,0,0,1,0,0,0,1,0,0,0,1,0,1,0,0,1,1,0,1,0,1,0,0,0,1,0,0,0,0,1,0,0,0,1,1,0,0,0,1,0,0,0,0,0,1,0
perfect_external_005,1,0,1,0,1,0,0,0,1,1,0,0,0,1,0,0,0,0,0,0,0,1,1,1,0,0,0,1,1,0,1,0,1,0,0,0,0,0,0,0,1,0,1,0,1,1,0,1,1,0,0,1,1,1,0,0,1,0,0,0,0,0,0,0,0,0,1,0,0,0,1,1,0,0,0,0,0,1,1,0
perfect_external_006,0,1,0,1,0,1,1,1,1,0,0,0,0,0,0,1,1,0,0,0,0,0,0,1,1,0,0,0,1,0,1,0,0,0,0,0,1,0,0,0,0,1,1,1,1,0,1,0,1,0,1,0,1,1,0,0,0,1,0,1,0,0,0,1,0,1,0,0,0,0,1,1,0,0,0,0,0,0,0,0
perfect_external_007,1,0,1,0,1,0,0,0,0,0,0,1,0,0,1,0,1,0,0,0,0,0,0,0,1,1,0,0,1,0,0,1,0,1,1,0,0,0,0,1,0,0,0,0,0,1,0,0,0,1,0,0,0,0,0,0,0,1,0,0,1,1,0,1,1,1,0,0,0,0,0,1,0,1,0,0,1,0,0,1
perfect_external_008,1,0,1,0,1,0,1,0,0,1,0,0,1,0,1,0,0,0,0,1,0,0,0,0,0,1,0,0,0,0,0,1,1,1,1,1,0,0,0,0,1,0,0,0,1,1,0,0,1,0,0,0,0,0,0,1,1,0,0,0,0,0,0,0,1,0,1,1,0,0,0,1,0,0,0,0,0,0,1,0
perfect_external_009,1,0,1,0,1,0,1,1,1,1,0,0,0,0,0,0,0,0,0,0,1,1,0,1,0,0,1,0,0,0,0,0,0,0,0,1,0,1,1,1,1,0,0,0,0,1,1,0,0,0,1,0,1,0,0,0,0,1,1,1,0,1,0,0,0,0,0,0,0,1,0,1,1,0,1,0,0,0,0,0
perfect_external_010,0,1,0,1,0,1,0,0,1,0,0,1,0,0,0,1,0,1,0,0,1,0,0,1,0,0,1,0,0,1,1,0,0,0,1,0,0,0,0,0,0,0,0,0,1,0,0,0,0,0,0,1,1,1,0,0,0,1,0,0,1,1,0,0,0,0,1,0,0,0,0,1,0,1,1,1,0,0,1,0
perfect_external_011,1,0,1,0,1,0,1,1,1,1,1,0,0,1,1,0,0,1,0,0,1,0,0,1,0,0,1,0,0,1,0,0,0,0,0,1,0,0,0,1,1,0,0,0,0,1,0,0,1,0,0,0,0,0,0,0,0,1,0,0,0,0,0,1,0,0,0,0,0,0,0,1,1,1,0,0,0,0,1,0
perfect_external_012,0,1,0,1,0,1,0,0,0,1,1,0,0,1,0,1,1,0,1,0,0,0,1,1,0,0,0,0,1,0,0,1,1,0,0,0,0,0,0,1,0,1,1,0,1,0,1,0,0,1,1,0,1,0,1,1,1,1,1,0,0,0,0,1,0,0,1,0,1,1,0,0,1,1,0,0,1,0,0,0
perfect_external_013,0,1,0,1,0,1,1,0,0,0,0,0,0,0,1,0,0,0,0,0,0,0,0,0,0,0,1,0,0,0,0,1,0,1,1,0,0,1,0,0,1,0,0,0,1,0,0,0,0,1,0,0,1,1,1,0,0,0,0,0,0,0,1,0,0,0,0,0,0,0,0,0,0,0,0,0,0,0,0,0
perfect_external_014,0,1,0,1,0,1,0,0,0,1,0,0,0,1,1,0,0,0,1,0,1,0,0,0,0,0,0,1,1,0,0,0,0,0,1,0,0,1,0,0,1,1,1,0,1,1,0,0,1,1,1,0,0,1,0,0,0,0,1,0,1,1,0,0,0,0,0,0,1,0,0,1,1,1,0,0,0,0,0,1
perfect_external_015,1,0,1,0,1,0,1,0,0,0,1,0,0,0,1,1,1,0,0,1,1,1,0,0,0,0,0,0,0,0,0,0,1,0,0,1,0,0,0,0,1,1,1,0,1,0,0,0,0,0,1,0,0,0,0,0,0,1,1,0,0,0,0,0,0,1,1,0,1,0,0,1,0,0,0,0,0,0,0,1
perfect_external_016,0,1,0,1,0,1,1,0,1,1,0,0,1,0,0,1,0,0,0,0,0,0,0,0,0,1,0,0,1,0,0,0,0,1,1,0,1,0,0,0,0,1,0,0,0,0,0,0,0,0,1,1,1,0,1,0,0,1,1,0,0,0,0,1,0,1,0,0,0,1,0,1,0,1,1,0,1,0,1,0
perfect_external_017,1,0,1,0,1,0,0,0,0,1,1,0,1,1,0,0,1,0,1,0,1,0,0,0,0,0,0,0,0,1,0,1,1,0,0,0,0,0,0,0,1,0,0,0,0,1,1,1,0,0,1,0,0,1,0,0,0,1,1,0,1,1,0,0,0,1,1,1,0,0,1,1,0,1,0,0,0,0,0,1
perfect_external_018,1,0,1,0,1,0,1,1,0,1,0,0,0,1,0,0,0,0,1,0,1,1,1,1,0,0,0,0,0,0,0,0,0,0,0,0,0,1,1,1,0,0,0,0,1,0,0,0,1,0,0,0,1,0,0,0,1,0,0,0,0,1,0,1,0,0,0,0,0,0,0,1,0,0,0,0,0,0,0,1
perfect_external_019,0,1,0,1,0,1,1,0,1,1,1,0,1,1,0,0,1,1,1,0,0,0,0,1,0,0,1,0,0,1,0,1,0,0,1,0,0,0,0,0,1,0,0,0,1,1,0,0,1,0,0,0,0,0,0,0,1,0,0,0,0,1,0,0,1,1,0,1,0,1,0,1,0,0,0,0,0,0,0,1
perfect_external_020,0,1,0,1,0,1,0,1,0,0,0,1,1,0,0,0,0,1,0,0,1,0,0,1,0,0,0,1,1,0,1,0,0,1,1,0,0,0,0,1,1,0,0,0,0,1,1,0,0,0,1,0,0,1,0,1,0,0,0,1,0,0,0,0,0,1,1,0,0,0,0,0,0,0,0,0,0,0,0,0
perfect_external_021,1,0,1,0,1,0,0,0,1,0,0,0,0,0,1,0,0,0,0,0,1,0,0,1,0,0,0,0,0,0,0,1,0,1,0,0,0,0,0,0,0,0,0,0,0,1,1,1,0,0,1,1,0,0,0,0,0,1,0,1,0,0,0,1,0,1,1,1,0,0,1,1,0,1,0,0,0,0,0,0
perfect_external_022,0,1,0,1,0,1,0,0,0,0,0,0,0,1,1,1,0,1,0,0,1,0,0,0,0,0,0,1,0,0,0,1,0,0,0,0,0,0,0,0,1,1,0,0,1,0,0,0,0,1,0,1,0,0,1,0,1,1,1,0,0,1,0,0,0,1,0,1,0,1,1,1,1,1,0,1,0,1,0,1
perfect_external_023,1,0,1,0,1,0,0,0,1,0,0,1,0,1,1,0,1,0,0,0,1,1,0,0,0,0,0,0,1,0,0,1,0,0,0,0,1,0,0,0,0,1,0,0,0,1,0,0,1,0,1,1,1,0,1,0,1,1,0,0,0,1,0,0,0,0,0,1,0,0,0,0,0,1,0,0,0,0,1,0
perfect_external_024,1,0,1,0,1,0,1,0,1,1,0,0,0,1,0,0,0,1,0,0,0,0,0,1,0,0,0,0,0,0,0,1,1,0,0,0,0,0,0,1,0,0,1,0,0,0,0,0,0,0,0,1,0,1,1,1,0,1,1,1,1,0,0,0,1,1,1,0,0,0,0,0,0,0,0,0,1,1,1,1
perfect_external_025,0,1,0,1,0,1,1,1,1,0,1,0,1,0,1,0,0,0,0,0,1,0,0,0,0,1,0,0,0,1,0,1,0,0,0,1,0,0,0,0,0,0,0,0,1,0,0,0,0,0,0,0,1,1,1,1,1,1,0,0,0,0,0,0,1,0,1,0,0,0,0,0,0,1,0,0,1,1,0,0
perfect_external_026,0,1,0,1,0,1,1,0,0,0,1,0,0,0,0,0,0,0,0,0,1,0,0,0,0,0,0,0,1,0,0,0,1,0,0,0,0,1,0,0,0,1,1,0,0,0,0,1,0,1,0,0,1,0,0,1,1,0,0,0,1,1,0,1,1,1,1,0,0,0,0,0,0,0,0,0,0,0,1,0
perfect_external_027,0,1,0,1,0,1,1,1,0,0,0,1,0,1,0,0,0,0,1,0,0,0,0,1,0,0,0,0,0,0,0,0,0,0,0,1,0,0,1,1,0,0,0,0,1,1,0,0,0,0,1,0,1,1,0,0,0,0,0,0,0,0,0,1,0,1,0,0,0,0,0,1,0,1,0,0,0,1,0,0
perfect_external_028,1,0,1,0,1,0,1,0,0,0,0,0,0,0,1,0,0,0,0,0,1,1,0,1,0,0,0,0,0,0,0,0,0,0,0,1,1,0,0,0,0,0,0,0,0,0,0,1,1,0,1,1,0,0,0,0,1,0,0,0,0,0,0,1,0,0,0,0,1,0,0,0,0,0,0,0,0,0,1,1
perfect_external_029,0,1,0,1,0,1,0,0,1,1,1,0,0,1,1,0,1,0,0,0,1,0,0,1,0,0,1,0,0,0,0,0,0,1,1,0,1,0,1,0,1,0,0,0,0,0,0,0,0,0,1,0,1,1,0,0,1,1,1,1,0,0,0,0,0,0,1,0,0,0,0,1,1,1,0,0,0,1,0,0
perfect_external_030,1,0,1,0,1,0,1,0,0,0,0,0,0,1,0,0,1,0,0,0,1,0,0,0,1,0,0,0,1,0,0,0,0,0,0,1,1,0,0,0,1,1,0,0,0,1,0,0,1,1,1,1,0,1,1,0,0,1,0,0,0,0,0,0,0,1,0,0,0,0,0,1,0,0,0,0,0,0,0,0
perfect_external_031,0,1,0,1,0,1,1,1,0,1,0,0,0,1,0,0,0,0,0,0,1,0,1,0,0,0,1,0,0,0,1,0,1,0,1,0,0,0,0,0,1,1,0,0,1,1,1,0,0,0,1,0,1,0,0,0,1,1,0,0,1,0,0,0,0,0,0,1,1,1,1,0,0,0,0,0,0,0,0,0
perfect_external_032,0,1,0,1,0,1,1,0,0,0,0,1,0,0,0,1,0,0,1,0,1,1,1,0,0,1,1,0,0,1,0,0,0,0,1,0,0,1,0,1,1,1,0,0,0,1,0,0,1,0,1,0,1,0,0,1,1,1,0,0,1,0,1,0,1,1,0,1,1,1,1,1,0,0,0,0,0,0,0,0
perfect_external_033,0,1,0,1,0,1,1,0,1,1,0,0,0,1,0,0,1,0,0,0,1,1,1,1,1,1,0,0,0,0,0,1,0,1,1,0,0,0,0,1,0,0,0,0,1,0,0,0,1,1,0,1,0,0,1,0,0,0,1,0,1,1,0,0,1,0,0,0,0,0,0,1,1,1,0,0,0,0,0,0
perfect_external_034,0,1,0,1,0,1,0,1,0,0,0,0,1,1,0,1,0,0,1,0,0,0,0,0,0,1,1,0,0,1,0,0,0,1,0,1,1,0,0,0,0,0,0,0,0,1,0,1,1,0,1,0,1,1,0,0,1,0,0,1,1,0,0,1,1,0,0,0,0,0,0,1,0,1,0,0,0,0,0,0
perfect_external_035,1,0,1,0,1,0,1,0,0,0,0,0,0,1,0,0,1,0,0,0,0,0,0,0,0,0,0,0,0,0,0,0,1,0,0,1,1,0,0,0,0,0,0,0,1,1,0,0,1,0,1,0,1,0,0,0,0,1,1,0,0,0,0,1,0,0,1,0,0,0,0,1,1,1,0,0,0,1,0,0
perfect_external_036,1,0,1,0,1,0,1,0,0,1,1,0,1,1,1,1,1,0,1,0,0,0,0,0,0,0,1,0,0,0,0,0,1,1,1,0,0,1,0,0,0,1,0,0,0,0,1,1,0,0,0,0,0,0,1,0,1,1,1,0,1,0,0,0,0,0,1,0,0,0,0,0,1,0,0,0,0,0,1,0
perfect_external_037,1,0,1,0,1,0,0,0,0,1,1,0,0,1,1,1,1,0,1,0,0,0,0,1,0,0,1,1,0,0,0,1,0,0,0,0,1,0,0,1,0,0,0,0,0,0,0,1,1,1,1,1,0,0,0,0,0,0,0,0,1,0,0,0,0,1,0,1,0,0,0,0,0,0,0,0,0,0,1,1
perfect_external_038,0,1,0,1,0,1,0,1,1,0,1,0,0,0,1,0,1,1,1,0,1,0,0,1,0,0,0,0,1,0,0,1,0,0,1,1,0,0,0,0,0,1,0,1,1,0,0,0,1,1,0,0,1,1,1,1,0,0,0,1,1,1,0,0,1,1,0,0,0,0,0,1,0,0,1,0,1,0,0,1
perfect_external_039,0,1,0,1,0,1,0,0,0,0,1,0,1,0,0,0,0,0,0,0,1,1,0,0,0,0,0,0,0,0,0,0,0,0,1,0,1,0,0,0,1,0,0,0,1,0,0,0,0,0,1,0,0,0,1,0,0,0,0,0,1,0,0,0,1,0,1,0,1,0,1,0,1,1,1,0,0,0,0,0
perfect_external_040,1,0,1,0,1,0,1,0,1,1,0,0,1,1,0,0,0,0,0,0,1,0,0,1,1,0,0,0,0,0,1,1,1,1,1,1,1,0,0,0,0,0,0,1,0,0,1,0,0,0,0,1,1,0,0,1,1,1,1,0,0,0,0,0,1,0,1,0,0,0,0,0,0,0,0,0,0,1,0,0
perfect_external_041,0,1,0,1,0,1,1,0,0,0,0,0,0,1,0,0,0,0,0,0,0,1,0,1,0,0,0,0,1,0,0,0,0,0,0,1,0,0,0,1,1,1,0,0,0,1,0,1,0,1,1,1,1,1,0,0,1,0,1,0,1,0,0,0,0,0,0,1,0,1,1,1,1,0,0,0,0,0,1,0
perfect_external_042,0,1,0,1,0,1,1,1,0,0,1,0,0,0,0,0,1,0,1,0,0,0,1,1,0,0,0,0,1,0,1,0,1,0,0,0,0,1,1,0,0,0,0,0,1,0,0,0,0,1,0,0,1,0,1,0,1,1,1,1,1,0,0,1,1,1,1,0,0,0,0,1,0,0,0,0,0,0,1,1
perfect_external_043,0,1,0,1,0,1,0,1,1,1,0,1,1,1,1,1,1,1,0,1,0,0,0,1,0,0,1,0,0,0,0,1,0,0,1,0,1,0,0,0,1,0,0,0,0,1,0,1,0,1,0,1,0,0,0,0,1,1,0,0,0,1,0,1,1,0,1,0,0,0,0,1,0,0,0,0,0,1,0,0
perfect_external_044,1,0,1,0,1,0,0,1,1,0,1,1,0,1,0,0,0,0,1,0,1,1,0,0,0,0,0,0,1,0,1,1,1,0,0,0,1,0,0,1,1,1,1,1,0,0,0,0,1,0,1,1,0,0,0,0,0,0,1,0,0,0,0,1,1,1,0,0,0,0,0,0,0,0,0,0,0,1,1,1
perfect_external_045,1,0,1,0,1,0,1,0,1,0,0,0,1,0,1,0,0,1,1,0,1,1,1,0,0,0,1,1,1,0,0,1,0,0,0,0,0,0,1,0,0,0,1,0,1,1,0,0,1,1,1,1,1,0,0,0,0,0,0,0,1,1,1,0,0,0,0,0,0,0,0,1,0,1,0,0,0,1,0,0
perfect_external_046,0,1,0,1,0,1,1,1,0,0,1,1,0,1,0,0,0,0,0,1,1,0,0,0,0,0,0,0,0,1,0,0,0,0,1,0,0,0,0,1,1,1,0,0,1,0,0,0,0,0,1,0,1,0,1,0,1,0,0,0,1,0,0,0,1,1,0,0,0,0,0,1,0,0,0,0,1,1,0,0
perfect_external_047,1,0,1,0,1,0,1,1,0,1,0,1,0,0,1,0,0,0,0,0,0,1,0,0,0,0,1,0,0,1,0,1,0,0,0,0,0,0,0,0,0,1,0,0,0,1,0,0,0,0,1,0,1,0,1,0,0,0,0,0,1,0,0,0,0,1,1,0,0,0,1,0,0,1,0,0,0,1,1,0
perfect_external_048,0,1,0,1,0,1,0,0,1,0,1,0,0,0,0,0,0,0,0,1,0,1,0,0,1,0,1,0,1,0,1,0,0,0,1,0,1,0,0,0,0,0,0,0,1,0,0,1,1,0,0,0,1,0,1,0,0,1,0,0,0,0,0,0,0,0,0,1,1,1,0,0,0,0,0,0,0,0,0,0
perfect_external_049,1,0,1,0,1,0,0,1,0,0,0,0,0,0,0,1,1,0,0,0,1,0,0,1,0,1,0,0,1,0,0,0,0,0,0,0,1,0,0,1,0,0,0,0,1,1,0,0,0,0,1,0,1,0,1,0,0,1,0,0,1,0,0,0,1,0,0,0,0,0,1,0,0,0,0,0,1,1,0,0
perfect_external_050,1,0,1,0,1,0,0,1,1,1,1,0,1,0,1,0,1,0,0,1,1,0,0,0,0,0,0,0,0,0,1,1,0,0,0,0,0,0,1,1,1,0,0,0,1,1,0,1,1,0,1,1,0,0,0,1,1,1,1,1,1,1,0,0,0,0,0,1,0,0,1,0,1,1,0,0,0,0,0,0
perfect_external_051,1,0,1,0,1,0,1,0,1,1,0,0,0,0,0,0,0,0,0,1,1,0,0,1,0,1,0,0,0,1,0,1,1,0,0,0,0,0,0,0,1,0,0,0,0,1,0,0,1,0,1,0,0,0,1,0,1,1,1,0,1,1,0,0,0,1,1,0,0,0,0,1,0,0,0,1,0,0,0,0
perfect_external_052,0,1,0,1,0,1,1,1,0,1,1,1,0,1,0,0,1,1,0,0,0,0,0,0,0,0,0,0,1,0,0,0,1,0,0,0,0,1,0,0,0,0,0,0,0,1,0,0,1,0,1,0,1,0,0,0,1,0,0,0,0,0,0,0,0,0,0,0,0,0,0,0,0,1,0,0,0,1,1,0
perfect_external_053,0,1,0,1,0,1,1,0,0,1,1,0,0,1,0,1,0,1,1,0,1,0,0,0,0,0,0,1,0,1,0,0,0,0,0,0,0,0,0,1,0,0,0,0,1,1,0,1,0,1,0,1,1,1,0,1,0,1,1,0,1,0,0,0,1,1,0,0,0,1,0,1,0,1,0,0,0,1,1,1
perfect_external_054,0,1,0,1,0,1,0,1,0,0,0,0,0,0,0,0,1,1,0,0,1,0,0,0,0,0,0,0,1,0,0,0,0,1,1,1,0,0,1,1,1,0,0,0,1,0,0,1,0,0,1,1,1,0,0,1,0,1,0,0,0,1,0,1,1,1,0,0,1,1,1,1,1,1,0,0,1,1,0,0
perfect_external_055,0,1,0,1,0,1,1,0,1,1,0,0,0,0,0,0,0,1,0,1,1,1,0,1,0,0,0,0,1,1,0,1,1,0,0,1,0,0,0,0,1,0,0,0,0,1,0,0,0,0,1,0,1,0,1,0,1,0,1,0,1,0,1,1,0,1,0,0,1,0,0,1,0,0,0,1,0,0,0,0
perfect_external_056,1,0,1,0,1,0,1,0,0,0,1,0,0,1,1,1,1,0,0,0,0,1,0,1,0,0,0,0,1,0,0,1,0,0,0,0,1,0,1,0,1,0,0,0,0,0,1,0,0,1,1,0,1,0,0,0,0,0,0,0,1,0,0,0,0,0,1,0,0,0,0,0,0,1,0,0,0,0,0,0
perfect_external_057,1,0,1,0,1,0,1,0,0,0,0,0,0,1,1,1,1,0,0,0,1,1,1,0,0,0,0,0,0,0,0,1,0,0,0,1,1,1,0,1,0,0,0,0,0,0,1,0,1,0,0,0,1,0,1,0,1,1,0,0,0,1,0,0,0,1,0,0,0,0,1,0,1,1,0,0,0,0,0,1
perfect_external_058,1,0,1,0,1,0,0,0,1,0,0,1,0,0,1,0,0,0,0,0,1,0,0,0,0,0,0,0,0,0,1,1,1,0,1,1,0,0,0,0,0,0,0,0,1,0,0,1,1,0,0,1,0,1,1,1,0,0,0,0,0,0,0,0,0,1,0,0,0,0,0,0,0,0,0,0,0,0,1,0
perfect_external_059,0,1,0,1,0,1,0,1,0,1,0,1,1,0,0,0,0,0,0,0,1,0,0,0,0,0,0,1,0,0,1,1,0,0,0,0,0,0,0,0,1,1,0,0,0,0,1,1,0,0,0,0,0,0,0,0,0,1,0,1,1,0,0,0,0,0,0,0,1,0,0,0,0,0,0,0,0,0,1,0
perfect_external_060,1,0,1,0,1,0,0,1,0,1,1,0,0,1,0,0,0,1,0,0,0,0,1,1,0,1,1,1,0,0,1,1,0,0,1,0,0,1,0,0,1,1,0,0,0,1,0,0,0,0,0,1,0,0,0,0,0,1,0,0,0,1,0,0,0,0,1,0,1,1,0,1,0,1,0,0,1,0,0,0
perfect_external_061,0,1,0,1,0,1,0,0,0,0,1,0,1,0,0,0,0,0,0,0,1,0,1,0,0,0,1,0,0,0,0,1,0,1,0,0,0,0,0,0,0,0,1,0,1,0,0,0,0,0,0,0,0,0,0,0,0,1,0,0,0,1,0,0,0,1,1,0,0,0,0,1,0,0,0,0,0,0,0,0
perfect_external_062,0,1,0,1,0,1,1,0,1,1,0,1,0,0,0,1,0,0,0,1,0,0,0,0,0,0,0,0,1,0,0,0,1,0,0,0,0,0,0,0,1,0,0,0,1,0,1,1,0,0,1,1,0,1,1,0,1,0,0,0,1,0,0,0,0,0,1,1,0,0,0,0,0,1,0,0,0,0,0,0
perfect_external_063,0,1,0,1,0,1,1,0,0,0,1,0,0,1,1,0,0,0,0,0,1,0,0,0,0,0,0,0,0,0,0,0,0,0,0,1,0,0,0,1,1,0,1,0,1,1,0,0,0,0,1,0,1,1,0,1,0,0,1,0,0,0,0,1,0,1,0,0,0,0,0,0,0,0,0,0,0,1,1,1
perfect_external_064,1,0,1,0,1,0,0,0,1,1,1,0,0,0,0,0,1,0,0,0,0,0,0,0,0,1,0,0,0,0,0,0,0,0,0,0,1,0,0,0,1,0,0,1,0,0,0,1,1,0,1,0,1,0,0,0,0,0,1,0,1,1,0,0,0,1,0,1,0,1,0,1,0,1,1,0,0,0,0,0
perfect_external_065,1,0,1,0,1,0,1,0,1,1,1,0,0,1,0,1,1,1,1,0,0,1,0,1,0,0,0,0,0,0,1,0,0,1,0,1,0,1,0,0,0,1,0,0,1,1,0,1,0,0,0,0,1,0,0,1,1,1,0,0,0,1,0,0,0,1,1,0,1,1,1,0,0,0,0,0,0,0,0,0
perfect_external_066,0,1,0,1,0,1,1,0,0,0,0,1,1,1,0,0,0,1,0,0,0,1,0,1,0,0,0,0,0,0,0,1,1,0,1,0,1,0,0,0,1,0,0,0,0,1,0,0,1,0,0,1,0,0,0,0,0,0,1,0,1,0,1,0,0,0,1,0,0,0,1,1,0,1,0,0,0,1,1,0
perfect_external_067,1,0,1,0,1,0,0,0,1,0,1,0,1,1,0,1,0,1,0,0,0,0,0,1,0,0,1,1,0,0,0,1,0,1,1,0,0,0,1,0,1,1,0,1,1,0,0,0,0,0,1,0,0,0,0,0,1,1,1,0,1,1,0,0,1,1,0,0,0,0,0,0,0,0,0,0,0,1,0,0
perfect_external_068,1,0,1,0,1,0,1,0,0,1,1,0,0,1,0,0,1,0,0,1,0,1,1,0,1,0,0,0,0,0,0,1,1,0,0,0,0,0,0,1,1,1,0,0,1,1,0,0,1,1,1,0,1,0,0,1,1,0,0,0,0,0,0,0,0,0,1,0,1,0,1,0,0,1,0,0,0,0,0,1
perfect_external_069,1,0,1,0,1,0,1,0,1,0,0,0,0,0,0,1,1,0,1,0,1,0,0,1,0,0,0,0,0,0,0,0,1,0,1,0,0,0,0,1,1,0,1,0,0,0,0,0,1,0,1,0,1,0,1,0,1,1,1,0,0,1,0,1,0,1,0,0,0,0,0,0,0,1,0,0,0,0,0,0
perfect_external_070,0,1,0,1,0,1,0,0,1,1,1,0,1,0,1,0,0,0,1,0,0,0,1,0,0,0,1,0,0,0,0,0,0,0,1,0,0,0,0,0,0,1,0,0,1,1,0,0,1,0,1,1,1,0,0,0,0,0,1,0,0,0,0,0,0,0,1,0,0,0,1,1,0,1,0,0,0,1,0,1
perfect_external_071,0,1,0,1,0,1,0,0,0,1,0,1,0,0,0,0,1,1,0,0,1,0,0,1,1,0,1,0,0,0,0,0,0,0,1,0,0,1,0,0,0,1,1,0,0,0,0,0,1,1,0,1,0,0,0,1,1,1,0,0,1,0,0,0,1,0,1,1,1,0,1,0,0,0,0,0,0,0,1,0
perfect_external_072,1,0,1,0,1,0,0,1,1,0,0,0,0,0,0,0,0,1,1,1,0,0,0,1,1,0,1,0,0,1,0,1,1,1,0,1,0,1,0,0,0,1,0,0,1,0,0,0,0,0,1,0,0,0,1,0,1,1,0,0,0,0,0,0,1,1,0,0,0,0,0,1,0,0,0,0,0,0,0,0
perfect_external_073,1,0,1,0,1,0,0,0,0,1,0,1,0,1,0,0,0,0,1,0,0,0,0,0,0,0,1,0,0,0,1,1,1,1,0,0,1,0,0,0,0,1,0,0,0,1,0,0,0,0,1,1,1,1,1,0,1,0,1,0,0,1,0,1,0,0,0,0,0,1,0,1,0,1,1,0,0,0,1,0
perfect_external_074,1,0,1,0,1,0,0,0,0,1,1,1,0,0,1,0,0,0,0,0,1,0,1,1,0,0,0,1,0,0,0,1,0,0,1,0,0,0,0,0,0,1,0,0,1,0,0,0,1,1,1,1,1,0,0,0,0,0,0,0,1,0,0,0,0,1,0,0,0,0,0,1,0,0,0,1,0,0,0,1
perfect_external_075,0,1,0,1,0,1,1,0,0,0,1,0,1,1,1,1,1,0,0,0,1,1,1,0,0,0,0,0,0,1,0,1,1,1,0,1,1,0,0,0,0,0,0,0,1,0,1,1,0,0,0,0,1,0,0,1,0,1,0,0,1,1,0,0,0,1,1,0,0,0,0,1,0,1,1,0,1,1,1,0
perfect_external_076,0,1,0,1,0,1,0,1,0,0,0,0,0,0,0,0,1,0,1,0,1,1,0,0,0,0,0,0,1,0,0,1,0,0,1,1,1,1,1,0,0,0,0,0,0,1,0,0,0,0,1,0,0,0,0,0,1,0,0,0,0,0,0,0,0,0,0,0,0,1,0,1,0,0,0,0,1,0,0,1
perfect_external_077,1,0,1,0,1,0,0,1,0,1,0,0,0,0,0,0,0,1,0,0,0,0,1,0,0,0,0,0,0,0,0,1,1,0,1,0,1,0,0,1,1,1,0,0,1,1,0,0,1,0,0,1,1,0,1,1,0,1,0,0,0,1,0,0,0,0,0,1,0,0,0,0,0,0,0,1,0,1,0,1
perfect_external_078,1,0,1,0,1,0,0,0,0,1,1,0,0,0,1,1,0,0,0,0,0,0,0,1,0,0,0,0,0,1,1,1,1,1,1,0,0,0,1,0,1,1,0,1,1,0,1,0,1,0,0,0,0,0,0,0,1,1,0,1,0,0,0,1,0,1,0,0,0,0,0,0,1,0,0,0,0,0,0,1
perfect_external_079,0,1,0,1,0,1,0,0,1,1,0,0,1,0,1,0,0,0,0,0,1,0,0,0,0,0,0,0,0,0,1,1,0,1,0,0,1,0,0,0,1,1,0,0,0,0,0,0,1,0,1,0,1,0,1,0,0,0,0,0,0,1,0,0,0,0,0,0,1,1,0,0,1,0,0,1,1,1,1,1
perfect_external_080,1,0,1,0,1,0,1,0,0,1,0,0,0,0,0,0,0,0,0,0,1,0,0,1,0,0,1,0,0,0,1,0,1,0,1,1,0,0,0,0,0,0,0,0,0,0,0,1,0,1,0,1,1,1,0,0,1,1,1,0,0,1,0,1,1,0,0,0,0,1,0,0,0,0,0,0,0,0,0,0
